data;horario;n_da_ocorrencia;tipo_de_ocorrencia;km;trecho;sentido;tipo_de_acidente;automovel;bicicleta;caminhao;moto;onibus;outros;tracao_animal;transporte_de_cargas_especiais;trator_maquinas;utilitarios;ilesos;levemente_feridos;moderadamente_feridos;gravemente_feridos;mortos
"14/09/2023";"18:37:00";"298";"ac02 - Aci";"794,5";"BR-365/MG";"Leste";"Queda de Moto";0;0;0;1;0;0;0;0;0;0;0;1;0;0;0
"14/09/2023";"19:53:00";"318";"ac02 - Aci";"637,55";"BR-365/MG";"Leste";"Colisão lateral no mesmo sentido";1;0;1;0;0;0;0;0;0;1;3;1;0;0;0
"16/09/2023";"03:52:00";"24";"ac02 - Aci";"658,1";"BR-365/MG";"Leste";"Colisão Traseira";1;0;0;1;0;0;0;0;0;0;2;0;0;1;0
"16/09/2023";"06:25:00";"31";"ac03 - Aci";"823";"BR-365/MG";"Leste";"Choque - Sinalização";1;0;0;0;0;0;0;0;0;0;1;0;0;0;0
"16/09/2023";"19:42:00";"272";"ac03 - Aci";"756,2";"BR-365/MG";"Leste";"Choque - Meio fio";1;0;0;0;0;0;0;0;0;0;2;0;0;0;0
"17/09/2023";"22:00:00";"316";"ac01 - Aci";"856,38";"BR-365/MG";"Oeste";"Colisão Frontal";1;0;0;1;0;0;0;0;0;0;3;0;0;0;1
"20/09/2023";"05:33:00";"38";"ac02 - Aci";"6";"BR-364/GO";"Leste";"Choque - Defensa metálica";0;0;1;0;0;0;0;0;0;0;0;2;0;0;0
"20/09/2023";"15:34:00";"279";"ac01 - Aci";"23,7";"BR-364/GO";"Oeste";"Colisão Transversal";2;0;1;0;0;0;0;0;0;0;2;0;0;0;1
"21/09/2023";"17:57:00";"344";"ac03 - Aci";"704";"BR-365/MG";"Oeste";"Colisão lateral no mesmo sentido";0;0;0;0;0;1;0;0;0;1;1;0;0;0;0
"24/09/2023";"03:08:00";"13";"ac03 - Aci";"797,8";"BR-365/MG";"Oeste";"Atropelamento de Animal";1;0;0;0;0;0;0;0;0;0;4;0;0;0;0
"24/09/2023";"13:01:00";"122";"ac03 - Aci";"63,1";"BR-364/GO";"Leste";"Choque - Sinalização";1;0;0;0;0;0;0;0;0;0;1;0;0;0;0
"24/09/2023";"15:59:00";"184";"ac03 - Aci";"753,7";"BR-365/MG";"Leste";"Colisão Traseira";1;0;0;0;0;1;0;0;0;0;1;0;0;0;0
"24/09/2023";"18:46:00";"250";"ac04 - Aci";"32,95";"BR-364/GO";"Leste";"Choque - Outros";0;0;0;0;0;0;0;0;0;0;0;1;0;0;0
"25/09/2023";"18:38:00";"397";"ac03 - Aci";"695,2";"BR-365/MG";"Leste";"Choque - Elemento de Drenagem";0;0;0;0;0;0;0;0;0;1;1;0;0;0;0
"25/09/2023";"20:52:00";"427";"ac03 - Aci";"627";"BR-365/MG";"Oeste";"Queda de Moto";0;0;0;1;0;0;0;0;0;0;1;0;0;0;0
"26/09/2023";"06:13:00";"35";"ac03 - Aci";"706";"BR-365/MG";"Leste";"Choque - Outros";0;0;1;0;0;0;0;0;0;0;1;0;0;0;0
"26/09/2023";"06:54:00";"50";"ac01 - Aci";"685,89";"BR-365/MG";"Oeste";"Atropelamento - Pedestre";0;0;1;0;0;0;0;0;0;0;1;0;0;0;1
"26/09/2023";"21:37:00";"413";"ac02 - Aci";"753,45";"BR-365/MG";"Leste";"Colisão Frontal";1;0;0;1;0;0;0;0;0;0;1;0;0;1;0
"27/09/2023";"08:13:00";"93";"ac03 - Aci";"740,75";"BR-365/MG";"Leste";"Choque - Talude ou Barranco";1;0;0;0;0;0;0;0;0;0;4;0;0;0;0
"27/09/2023";"14:06:00";"236";"ac03 - Aci";"794";"BR-365/MG";"Oeste";"Colisão Traseira";2;0;0;0;0;0;0;0;0;0;2;0;0;0;0
"27/09/2023";"14:11:00";"237";"ac03 - Aci";"168,71";"BR-364/GO";"Leste";"Colisão lateral no sentido contrário";1;0;1;0;0;0;0;0;0;0;2;0;0;0;0
"27/09/2023";"19:10:00";"324";"ac01 - Aci";"776,62";"BR-365/MG";"Oeste";"Atropelamento de Animal";0;0;0;1;0;0;0;0;0;0;0;0;0;0;1
"27/09/2023";"19:38:00";"336";"ac02 - Aci";"776,73";"BR-365/MG";"Leste";"Choque - Veiculo parado na pista";1;0;0;0;0;0;0;0;0;0;3;2;0;0;0
"28/09/2023";"08:00:00";"88";"ac03 - Aci";"629,2";"BR-365/MG";"Oeste";"Choque - Elemento de Drenagem";0;0;0;0;0;0;0;0;0;1;3;0;0;0;0
"28/09/2023";"14:38:00";"226";"ac03 - Aci";"695,3";"BR-365/MG";"Leste";"Choque - Elemento de Drenagem";1;0;0;0;0;0;0;0;0;0;1;0;0;0;0
"29/09/2023";"10:24:00";"176";"ac04 - Aci";"123,15";"BR-364/GO";"Leste";"Choque - Talude ou Barranco";0;0;1;0;0;0;0;0;0;0;1;0;0;0;0
"29/09/2023";"20:36:00";"394";"ac03 - Aci";"867,1";"BR-365/MG";"Leste";"Choque - Outros";0;0;1;0;0;0;0;0;0;0;1;0;0;0;0
"30/09/2023";"12:43:00";"199";"ac02 - Aci";"647,35";"BR-365/MG";"Oeste";"Queda de Moto";0;0;0;1;0;0;0;0;0;0;0;2;0;0;0
"30/09/2023";"15:02:00";"236";"ac03 - Aci";"674";"BR-365/MG";"Oeste";"Choque - Meio fio";1;0;0;0;0;0;0;0;0;0;2;0;0;0;0
"01/10/2023";"00:37:00";"1";"ac03 - Aci";"749,55";"BR-365/MG";"Leste";"Queda de Ciclista";0;1;0;0;0;0;0;0;0;0;1;0;0;0;0
"01/10/2023";"02:28:00";"16";"ac04 - Aci";"670,27";"BR-365/MG";"Oeste";"Choque - Elemento de Drenagem";0;0;0;0;0;0;0;0;0;1;1;0;0;0;0
"01/10/2023";"02:57:00";"18";"ac03 - Aci";"860,26";"BR-365/MG";"Oeste";"Choque - Meio fio";0;0;0;0;0;0;0;0;0;1;1;0;0;0;0
"01/10/2023";"03:59:00";"21";"ac03 - Aci";"90,5";"BR-364/GO";"Leste";"Atropelamento de Animal";1;0;0;0;0;0;0;0;0;0;4;0;0;0;0
"01/10/2023";"17:29:00";"290";"ac03 - Aci";"646,17";"BR-365/MG";"Leste";"Colisão Traseira";1;0;1;0;0;0;0;0;0;0;2;0;0;0;0
"01/10/2023";"18:37:00";"305";"ac02 - Aci";"645,6";"BR-365/MG";"Leste";"Engavetamento";3;0;0;0;0;0;0;0;0;0;4;0;1;0;0
"01/10/2023";"19:30:00";"315";"ac03 - Aci";"631";"BR-365/MG";"Leste";"Colisão Traseira";1;0;1;0;0;0;0;0;0;0;2;0;0;0;0
"02/10/2023";"01:59:00";"10";"ac03 - Aci";"819,9";"BR-365/MG";"Oeste";"Atropelamento de Animal";0;0;1;0;0;0;0;0;0;0;1;0;0;0;0
"02/10/2023";"04:29:00";"28";"ac03 - Aci";"783,2";"BR-365/MG";"Oeste";"Atropelamento de Animal";1;0;0;0;0;0;0;0;0;0;1;0;0;0;0
"02/10/2023";"08:30:00";"90";"ac02 - Aci";"820,9";"BR-365/MG";"Leste";"Queda de Moto";0;0;0;1;0;0;0;0;0;0;0;1;0;0;0
"03/10/2023";"13:07:00";"242";"ac03 - Aci";"784";"BR-365/MG";"Leste";"Choque - Outros";1;0;0;0;0;0;0;0;0;0;2;0;0;0;0
"03/10/2023";"19:05:00";"364";"ac03 - Aci";"846,4";"BR-365/MG";"Oeste";"Choque - Poste";0;0;1;0;0;0;0;0;0;0;1;0;0;0;0
"03/10/2023";"21:01:00";"398";"ac03 - Aci";"105";"BR-364/GO";"Leste";"Atropelamento - Andarilho";0;0;0;0;0;0;0;0;0;1;1;0;0;0;0
"05/10/2023";"13:26:00";"186";"ac03 - Aci";"95";"BR-364/GO";"Leste";"Choque - Veiculo parado na pista";0;0;2;0;0;0;0;0;0;0;2;0;0;0;0
"05/10/2023";"19:45:00";"294";"ac03 - Aci";"667,17";"BR-365/MG";"Oeste";"Objeto lançado contra veículo";0;0;3;0;0;0;0;0;0;0;3;0;0;0;0
"06/10/2023";"18:19:00";"360";"ac03 - Aci";"671,7";"BR-365/MG";"Oeste";"Choque - Defensa metálica";0;0;1;0;0;0;0;0;0;0;2;0;0;0;0
"07/10/2023";"01:14:00";"9";"ac03 - Aci";"819,05";"BR-365/MG";"Oeste";"Atropelamento de Animal";1;0;0;0;0;0;0;0;0;0;6;0;0;0;0
"07/10/2023";"05:01:00";"29";"ac03 - Aci";"16,37";"BR-364/GO";"Oeste";"Choque - Talude ou Barranco";1;0;0;0;0;0;0;0;0;0;3;0;0;0;0
"07/10/2023";"05:25:00";"32";"ac02 - Aci";"16,37";"BR-364/GO";"Oeste";"Atropelamento de Animal";0;0;0;1;0;0;0;0;0;0;1;0;1;0;0
"07/10/2023";"08:30:00";"125";"ac02 - Aci";"756,1";"BR-365/MG";"Leste";"Choque - Meio fio";0;0;1;0;0;0;0;0;0;1;4;0;1;0;0
"07/10/2023";"18:57:00";"364";"ac03 - Aci";"759";"BR-365/MG";"Oeste";"Choque - Talude ou Barranco";0;0;0;0;0;0;0;0;0;1;1;0;0;0;0
"08/10/2023";"13:34:00";"189";"ac03 - Aci";"860,3";"BR-365/MG";"Leste";"Choque - Sinalização";1;0;0;0;0;0;0;0;0;0;1;0;0;0;0
"08/10/2023";"19:29:00";"324";"ac03 - Aci";"17,3";"BR-364/GO";"Oeste";"Capotamento";1;0;0;0;0;0;0;0;0;0;1;0;0;0;0
"09/10/2023";"10:29:00";"185";"ac02 - Aci";"745";"BR-365/MG";"Leste";"Tombamento";0;0;1;0;0;0;0;0;0;0;2;1;0;0;0
"09/10/2023";"14:17:00";"258";"ac03 - Aci";"751";"BR-365/MG";"Leste";"Choque - Meio fio";1;0;0;0;0;0;0;0;0;0;1;0;0;0;0
"10/10/2023";"08:06:00";"65";"ac02 - Aci";"754,85";"BR-365/MG";"Oeste";"Colisão Frontal";0;0;0;0;0;0;0;0;0;2;2;1;0;0;0
"10/10/2023";"09:30:00";"109";"ac04 - Aci";"168";"BR-364/GO";"Leste";"Queda de Moto";0;0;0;0;0;0;0;0;0;0;1;0;0;0;0
"10/10/2023";"15:56:00";"247";"ac02 - Aci";"626,31";"BR-365/MG";"Leste";"Atropelamento - Pedestre";0;0;0;1;0;0;0;0;0;0;0;1;1;0;0
"10/10/2023";"20:37:00";"340";"ac02 - Aci";"21,6";"BR-364/GO";"Leste";"Tombamento";0;0;1;0;0;0;0;0;0;0;1;2;0;0;0
"10/10/2023";"21:20:00";"348";"ac02 - Aci";"706,5";"BR-365/MG";"Leste";"Tombamento";0;0;1;0;0;0;0;0;0;0;0;0;0;1;0
"10/10/2023";"22:09:00";"355";"ac02 - Aci";"21,1";"BR-364/GO";"Oeste";"Colisão lateral no sentido contrário";1;0;1;1;0;0;0;0;0;0;6;0;0;1;0
"10/10/2023";"23:16:00";"362";"ac03 - Aci";"22,8";"BR-364/GO";"Leste";"Colisão Traseira";0;0;1;0;0;0;0;0;0;1;2;0;0;0;0
"11/10/2023";"08:14:00";"110";"ac03 - Aci";"16,3";"BR-364/GO";"Leste";"Capotamento";0;0;0;0;0;0;0;0;0;1;2;0;0;0;0
"11/10/2023";"15:57:00";"289";"ac03 - Aci";"696,8";"BR-365/MG";"Leste";"Choque - Sinalização";1;0;0;0;0;0;0;0;0;0;1;0;0;0;0
"11/10/2023";"19:00:00";"366";"ac03 - Aci";"764";"BR-365/MG";"Oeste";"Atropelamento - Ambulante";0;0;0;0;0;0;0;0;0;1;4;0;0;0;0
"11/10/2023";"19:59:00";"386";"ac03 - Aci";"659,5";"BR-365/MG";"Oeste";"Choque - Elemento de Drenagem";1;0;0;0;0;0;0;0;0;0;1;0;0;0;0
"11/10/2023";"20:58:00";"400";"ac03 - Aci";"780,1";"BR-365/MG";"Oeste";"Atropelamento - Ambulante";1;0;0;0;0;0;0;0;0;0;2;0;0;0;0
"12/10/2023";"07:31:00";"73";"ac03 - Aci";"750,1";"BR-365/MG";"Oeste";"Choque - Sinalização";0;0;0;0;0;1;0;0;0;0;0;0;0;0;0
"13/10/2023";"10:50:00";"143";"ac03 - Aci";"643,6";"BR-365/MG";"Leste";"Tombamento";0;0;1;0;0;0;0;0;0;0;2;0;0;0;0
"13/10/2023";"19:37:00";"288";"ac02 - Aci";"47,67";"BR-364/GO";"Leste";"Colisão Transversal";1;0;0;1;0;0;0;0;0;0;1;1;1;0;0
"15/10/2023";"14:03:00";"216";"ac03 - Aci";"706,5";"BR-365/MG";"Leste";"Tombamento";0;0;2;0;0;0;0;0;0;0;2;0;0;0;0
"15/10/2023";"16:45:00";"279";"ac03 - Aci";"840,2";"BR-365/MG";"Oeste";"Queda de Moto";0;0;0;1;0;0;0;0;0;0;0;0;0;0;0
"15/10/2023";"17:15:00";"299";"ac03 - Aci";"169";"BR-364/GO";"Oeste";"Choque - Arvore";0;0;0;0;0;1;0;0;0;1;2;0;0;0;0
"15/10/2023";"18:39:00";"323";"ac02 - Aci";"646,2";"BR-365/MG";"Oeste";"Colisão lateral no mesmo sentido";1;0;1;0;0;0;0;0;0;0;3;0;1;0;0
"15/10/2023";"19:45:00";"351";"ac03 - Aci";"645,35";"BR-365/MG";"Leste";"Colisão lateral no mesmo sentido";1;0;1;0;0;0;0;0;0;0;3;0;0;0;0
"16/10/2023";"15:24:00";"298";"ac03 - Aci";"656";"BR-365/MG";"Leste";"Colisão lateral no mesmo sentido";0;0;1;0;0;0;0;0;0;1;2;0;0;0;0
"16/10/2023";"19:19:00";"379";"ac02 - Aci";"768";"BR-365/MG";"Leste";"Colisão Traseira";1;0;0;0;0;0;0;0;0;1;2;1;0;0;0
"17/10/2023";"01:19:00";"13";"ac04 - Aci";"41";"BR-364/GO";"Leste";"Choque - Defensa metálica";0;0;0;0;0;0;0;0;0;1;1;0;0;0;0
"17/10/2023";"05:18:00";"33";"ac03 - Aci";"672,5";"BR-365/MG";"Oeste";"Colisão lateral no mesmo sentido";0;0;2;0;0;0;0;0;0;0;2;0;0;0;0
"17/10/2023";"09:56:00";"126";"ac02 - Aci";"127,6";"BR-364/GO";"Leste";"Choque - Defensa metálica";1;0;0;0;0;0;0;0;0;0;0;1;0;0;0
"17/10/2023";"17:53:00";"270";"ac03 - Aci";"749";"BR-365/MG";"Oeste";"Colisão Traseira";1;0;0;0;0;0;0;0;0;1;3;0;0;0;0
"17/10/2023";"19:13:00";"297";"ac02 - Aci";"12,75";"BR-364/GO";"Leste";"Colisão Traseira";1;0;0;1;0;0;0;0;0;0;3;0;1;0;0
"18/10/2023";"13:36:00";"245";"ac02 - Aci";"680,3";"BR-365/MG";"Oeste";"Colisão Traseira";0;0;2;0;0;0;0;0;0;0;1;1;0;0;0
"19/10/2023";"16:13:00";"354";"ac03 - Aci";"675,88";"BR-365/MG";"Oeste";"Choque - Outros";1;0;0;0;0;0;0;0;0;0;1;0;0;0;0
"19/10/2023";"16:36:00";"367";"ac02 - Aci";"821,79";"BR-365/MG";"Oeste";"Queda de Moto";0;0;0;1;0;0;0;0;0;0;0;0;0;1;0
"19/10/2023";"17:04:00";"376";"ac03 - Aci";"5";"BR-364/GO";"Oeste";"Choque - Talude ou Barranco";0;0;0;0;0;0;0;0;0;1;1;0;0;0;0
"20/10/2023";"13:08:00";"241";"ac02 - Aci";"645,6";"BR-365/MG";"Leste";"Colisão Traseira";1;0;1;0;0;0;0;0;0;0;3;2;0;0;0
"21/10/2023";"09:36:00";"100";"ac02 - Aci";"752,55";"BR-365/MG";"Leste";"Colisão Transversal";0;0;0;1;0;0;0;0;0;1;1;1;0;0;0
"21/10/2023";"15:55:00";"218";"ac02 - Aci";"735,9";"BR-365/MG";"Leste";"Queda de Moto";0;0;0;1;0;0;0;0;0;0;0;2;0;0;0
"21/10/2023";"16:27:00";"232";"ac03 - Aci";"765,9";"BR-365/MG";"Leste";"Choque - Sinalização";1;0;0;0;0;0;0;0;0;0;1;0;0;0;0
"21/10/2023";"16:49:00";"242";"ac03 - Aci";"645,5";"BR-365/MG";"Leste";"Colisão lateral no mesmo sentido";1;0;1;0;0;0;0;0;0;0;4;0;0;0;0
"21/10/2023";"17:14:00";"246";"ac03 - Aci";"645,5";"BR-365/MG";"Leste";"Colisão lateral no mesmo sentido";1;0;1;0;0;0;0;0;0;0;4;0;0;0;0
"22/10/2023";"05:17:00";"35";"ac02 - Aci";"683,18";"BR-365/MG";"Leste";"Colisão Traseira";1;0;0;0;0;1;0;0;0;0;0;0;1;0;0
"22/10/2023";"18:24:00";"235";"ac03 - Aci";"23";"BR-364/GO";"Leste";"Colisão lateral no mesmo sentido";1;0;1;0;0;0;0;0;0;0;1;0;0;0;0
"23/10/2023";"02:42:00";"13";"ac02 - Aci";"824,62";"BR-365/MG";"Leste";"Choque - Talude ou Barranco";1;0;0;0;0;0;0;0;0;0;0;1;0;0;0
"23/10/2023";"10:05:00";"155";"ac03 - Aci";"758,58";"BR-365/MG";"Leste";"Choque - Talude ou Barranco";0;0;0;0;0;0;0;0;0;1;1;0;0;0;0
"24/10/2023";"11:39:00";"210";"ac03 - Aci";"648";"BR-365/MG";"Oeste";"Colisão Transversal";1;0;0;0;1;0;0;0;0;0;21;0;0;0;0
"25/10/2023";"05:08:00";"40";"ac01 - Aci";"677";"BR-365/MG";"Leste";"Atropelamento - Pedestre";0;0;0;0;0;0;0;0;0;1;6;0;0;0;1
"25/10/2023";"20:14:00";"326";"ac03 - Aci";"706,5";"BR-365/MG";"Oeste";"Colisão Transversal";0;0;1;0;0;0;0;0;0;1;5;0;0;0;0
"25/10/2023";"21:20:00";"345";"ac03 - Aci";"690,86";"BR-365/MG";"Leste";"Choque - Elemento de Drenagem";1;0;0;0;0;0;0;0;0;0;2;0;0;0;0
"25/10/2023";"22:51:00";"361";"ac02 - Aci";"635,67";"BR-365/MG";"Leste";"Colisão Traseira";1;0;1;0;0;0;0;0;0;0;1;1;0;0;0
"26/10/2023";"04:49:00";"23";"ac03 - Aci";"750,5";"BR-365/MG";"Leste";"Choque - Sinalização";0;0;0;0;1;0;0;0;0;0;1;0;0;0;0
"26/10/2023";"11:22:00";"174";"ac02 - Aci";"626";"BR-365/MG";"Oeste";"Colisão Traseira";0;0;0;1;0;1;0;0;0;0;0;1;0;0;0
"27/10/2023";"19:06:00";"376";"ac03 - Aci";"756,9";"BR-365/MG";"Leste";"Choque - Elemento de Drenagem";0;0;0;0;0;0;0;0;0;1;1;0;0;0;0
"27/10/2023";"22:15:00";"416";"ac02 - Aci";"802";"BR-365/MG";"Oeste";"Capotamento";0;0;0;0;0;0;0;0;0;1;0;1;0;0;0
"28/10/2023";"06:23:00";"45";"ac02 - Aci";"747,1";"BR-365/MG";"Oeste";"Queda de Moto";0;0;0;1;0;0;0;0;0;0;0;1;0;0;0
"28/10/2023";"07:48:00";"80";"ac02 - Aci";"645";"BR-365/MG";"Oeste";"Capotamento";1;0;0;0;0;0;0;0;0;0;0;0;1;1;0
"28/10/2023";"13:12:00";"215";"ac02 - Aci";"56,55";"BR-364/GO";"Oeste";"Capotamento";1;0;0;0;0;0;0;0;0;0;0;1;0;0;0
"31/10/2023";"06:16:00";"34";"ac03 - Aci";"775,3";"BR-365/MG";"Oeste";"Queda de Moto";0;0;0;1;0;0;0;0;0;0;2;0;0;0;0
"31/10/2023";"08:28:00";"116";"ac03 - Aci";"658,1";"BR-365/MG";"Leste";"Choque - Sinalização";1;0;0;0;0;0;0;0;0;0;1;0;0;0;0
"31/10/2023";"08:36:00";"121";"ac03 - Aci";"734,87";"BR-365/MG";"Oeste";"Choque - Talude ou Barranco";1;0;0;0;0;0;0;0;0;0;1;0;0;0;0
"31/10/2023";"13:05:00";"225";"ac03 - Aci";"811,4";"BR-365/MG";"Leste";"Tombamento";0;0;1;0;0;0;0;0;0;0;1;0;0;0;0
"31/10/2023";"23:48:00";"387";"ac03 - Aci";"148,2";"BR-364/GO";"Oeste";"Choque - Arvore";0;0;1;0;0;0;0;0;0;0;1;0;0;0;0
"02/11/2023";"05:15:00";"41";"ac03 - Aci";"661,76";"BR-365/MG";"Leste";"Choque - Arvore";0;0;1;0;0;0;0;0;0;0;2;0;0;0;0
"02/11/2023";"13:33:00";"224";"ac02 - Aci";"114";"BR-364/GO";"Leste";"Colisão lateral no mesmo sentido";0;0;0;1;0;1;0;0;0;0;0;1;0;0;0
"02/11/2023";"15:07:00";"249";"ac03 - Aci";"706,5";"BR-365/MG";"Leste";"Tombamento";0;0;1;0;0;0;0;0;0;0;1;0;0;0;0
"02/11/2023";"18:03:00";"305";"ac02 - Aci";"657,82";"BR-365/MG";"Leste";"Colisão Traseira";0;0;0;1;0;0;0;0;0;1;1;0;0;1;0
"03/11/2023";"05:15:00";"27";"ac03 - Aci";"115";"BR-364/GO";"Oeste";"Colisão Traseira";1;0;1;0;0;0;0;0;0;0;2;0;0;0;0
"03/11/2023";"10:57:00";"136";"ac02 - Aci";"649,5";"BR-365/MG";"Leste";"Capotamento";1;0;0;0;0;0;0;0;0;0;1;1;1;0;0
"03/11/2023";"17:02:00";"243";"ac01 - Aci";"805,19";"BR-365/MG";"Leste";"Colisão lateral no sentido contrário";0;0;1;0;0;0;0;0;0;1;1;0;0;0;1
"03/11/2023";"20:12:00";"278";"ac02 - Aci";"825,46";"BR-365/MG";"Oeste";"Queda de Moto";0;0;0;1;0;0;0;0;0;0;0;0;1;0;0
"05/11/2023";"10:56:00";"106";"ac03 - Aci";"853,5";"BR-365/MG";"Leste";"Atropelamento de Animal";1;0;0;0;0;0;0;0;0;0;1;0;0;0;0
"05/11/2023";"20:48:00";"293";"ac03 - Aci";"831,6";"BR-365/MG";"Leste";"Atropelamento de Animal";1;0;0;0;0;0;0;0;0;0;5;0;0;0;0
"05/11/2023";"21:36:00";"307";"ac02 - Aci";"775";"BR-365/MG";"Leste";"Atropelamento de Animal";1;0;0;0;0;0;0;0;0;0;4;1;0;0;0
"06/11/2023";"09:22:00";"131";"ac02 - Aci";"706,5";"BR-365/MG";"Oeste";"Colisão lateral no mesmo sentido";0;0;3;0;0;0;0;0;0;0;2;2;0;0;0
"07/11/2023";"10:54:00";"149";"ac03 - Aci";"669,3";"BR-365/MG";"Leste";"Colisão lateral no mesmo sentido";1;0;1;0;0;0;0;0;0;0;1;0;0;0;0
"08/11/2023";"01:59:00";"18";"ac02 - Aci";"657,5";"BR-365/MG";"Leste";"Choque - Elemento de Drenagem";0;0;0;0;0;0;0;0;0;1;1;0;1;0;0
"08/11/2023";"08:34:00";"115";"ac03 - Aci";"116,28";"BR-364/GO";"Leste";"Colisão Traseira";0;0;2;0;0;0;0;0;0;0;2;0;0;0;0
"09/11/2023";"04:44:00";"38";"ac02 - Aci";"861,11";"BR-365/MG";"Leste";"Engavetamento";0;0;3;0;0;0;0;0;0;1;3;1;0;0;0
"09/11/2023";"17:14:00";"306";"ac03 - Aci";"679,89";"BR-365/MG";"Oeste";"Choque - Veiculo parado no acostamento";0;0;1;0;0;1;0;0;0;0;1;0;0;0;0
"09/11/2023";"19:46:00";"359";"ac03 - Aci";"653,48";"BR-365/MG";"Leste";"Atropelamento de Animal";0;0;1;0;0;0;0;0;0;0;1;0;0;0;0
"12/11/2023";"03:42:00";"14";"ac02 - Aci";"49,2";"BR-364/GO";"Oeste";"Choque - Talude ou Barranco";1;0;0;0;0;0;0;0;0;0;2;1;0;0;0
"13/11/2023";"13:15:00";"212";"ac03 - Aci";"20,75";"BR-364/GO";"Oeste";"Colisão Traseira";0;0;1;0;0;0;0;0;0;1;1;0;0;0;0
"14/11/2023";"01:49:00";"15";"ac03 - Aci";"2";"BR-364/GO";"Leste";"Choque - Talude ou Barranco";1;0;0;0;0;0;0;0;0;0;1;0;0;0;0
"15/11/2023";"15:37:00";"212";"ac03 - Aci";"20,75";"BR-364/GO";"Leste";"Choque - Poste";0;0;0;0;0;1;0;0;0;0;1;0;0;0;0
"15/11/2023";"15:41:00";"214";"ac02 - Aci";"747,23";"BR-365/MG";"Leste";"Queda de Moto";0;0;0;1;0;0;0;0;0;0;2;1;0;0;0
"16/11/2023";"02:59:00";"18";"ac03 - Aci";"756,3";"BR-365/MG";"Leste";"Choque - Meio fio";0;0;0;0;0;0;0;0;0;1;1;0;0;0;0
"16/11/2023";"18:19:00";"318";"ac02 - Aci";"736";"BR-365/MG";"Oeste";"Queda de Moto";0;0;0;1;0;0;0;0;0;0;0;1;0;0;0
"16/11/2023";"20:32:00";"355";"ac03 - Aci";"704";"BR-365/MG";"Oeste";"Colisão Traseira";0;0;1;0;0;0;0;0;0;1;2;0;0;0;0
"17/11/2023";"08:55:00";"165";"ac02 - Aci";"693,59";"BR-365/MG";"Leste";"Capotamento";1;0;0;0;0;0;0;0;0;0;0;2;0;0;0
"17/11/2023";"13:11:00";"265";"ac02 - Aci";"650,9";"BR-365/MG";"Leste";"Capotamento";0;0;0;0;0;0;0;0;0;1;0;0;1;0;0
"17/11/2023";"18:54:00";"382";"ac03 - Aci";"691,2";"BR-365/MG";"Oeste";"Atropelamento de Animal";1;0;0;0;0;0;0;0;0;0;1;0;0;0;0
"18/11/2023";"00:40:00";"6";"ac03 - Aci";"788,3";"BR-365/MG";"Leste";"Atropelamento de Animal";1;0;0;0;0;0;0;0;0;0;4;0;0;0;0
"18/11/2023";"03:26:00";"17";"ac03 - Aci";"655,1";"BR-365/MG";"Oeste";"Choque - Elemento de Drenagem";1;0;0;0;0;0;0;0;0;0;1;0;0;0;0
"18/11/2023";"17:43:00";"243";"ac02 - Aci";"849";"BR-365/MG";"Oeste";"Capotamento";0;0;0;0;0;0;0;0;0;1;0;1;0;0;0
"18/11/2023";"19:59:00";"276";"ac03 - Aci";"793,1";"BR-365/MG";"Leste";"Colisão Traseira";0;0;1;0;0;0;0;0;0;1;2;0;0;0;0
"19/11/2023";"21:50:00";"276";"ac03 - Aci";"53,3";"BR-364/GO";"Oeste";"Capotamento";0;0;0;0;0;0;0;0;0;1;3;0;0;0;0
"19/11/2023";"23:47:00";"299";"ac03 - Aci";"643,7";"BR-365/MG";"Leste";"Choque - Elemento de Drenagem";1;0;0;0;0;0;0;0;0;0;5;0;0;0;0
"19/11/2023";"23:51:00";"301";"ac04 - Aci";"768,3";"BR-365/MG";"Oeste";"Atropelamento de Animal";0;0;1;0;0;0;0;0;0;0;1;0;0;0;0
"20/11/2023";"15:26:00";"245";"ac03 - Aci";"690,03";"BR-365/MG";"Oeste";"Choque - Outros";1;0;0;0;0;0;0;0;0;0;2;0;0;0;0
"20/11/2023";"23:18:00";"335";"ac02 - Aci";"663";"BR-365/MG";"Leste";"Queda de Moto";0;0;0;1;0;0;0;0;0;0;1;1;0;0;0
"22/11/2023";"18:38:00";"300";"ac03 - Aci";"747,3";"BR-365/MG";"Oeste";"Colisão Transversal";1;0;0;1;0;0;0;0;0;0;0;0;0;0;0
"22/11/2023";"21:52:00";"330";"ac04 - Aci";"639";"BR-365/MG";"Oeste";"Choque - Outros";0;0;0;0;0;0;0;0;0;1;1;0;0;0;0
"23/11/2023";"18:03:00";"288";"ac02 - Aci";"632";"BR-365/MG";"Leste";"Queda de Moto";0;0;0;1;0;0;0;0;0;0;0;1;0;0;0
"23/11/2023";"21:26:00";"338";"ac03 - Aci";"805,1";"BR-365/MG";"Oeste";"Atropelamento de Animal";0;0;0;0;0;0;0;0;0;1;2;0;0;0;0
"24/11/2023";"05:34:00";"24";"ac03 - Aci";"667,99";"BR-365/MG";"Oeste";"Choque - Elemento de Drenagem";0;0;1;0;0;0;0;0;0;0;1;0;0;0;0