data;horario;n_da_ocorrencia;tipo_de_ocorrencia;km;trecho;sentido;tipo_de_acidente;automovel;bicicleta;caminhao;moto;onibus;outros;tracao_animal;transporte_de_cargas_especiais;trator_maquinas;utilitarios;ilesos;levemente_feridos;moderadamente_feridos;gravemente_feridos;mortos
"24/11/2023";"11:10:00";"177";"ac03 - Aci";"701";"BR-365/MG";"Leste";"Choque - Outros";1;0;0;0;0;0;0;0;0;0;1;0;0;0;0
"25/11/2023";"00:24:00";"5";"ac01 - Aci";"685,21";"BR-365/MG";"Leste";"Engavetamento";0;0;2;0;0;0;0;0;0;1;2;0;1;0;1
"26/11/2023";"10:13:00";"101";"ac03 - Aci";"110";"BR-364/GO";"Leste";"Tombamento";0;0;1;0;0;0;0;0;0;0;1;0;0;0;0
"26/11/2023";"15:29:00";"165";"ac02 - Aci";"663";"BR-365/MG";"Oeste";"Choque - Arvore";1;0;0;0;0;0;0;0;0;0;1;1;0;0;0
"27/11/2023";"03:51:00";"23";"ac03 - Aci";"58,3";"BR-364/GO";"Leste";"Choque - Talude ou Barranco";0;0;0;0;0;0;0;0;0;1;0;0;0;0;0
"29/11/2023";"16:36:00";"275";"ac03 - Aci";"636,6";"BR-365/MG";"Leste";"Colisão Traseira";0;0;2;0;0;0;0;0;0;0;0;0;0;0;0
"29/11/2023";"17:31:00";"292";"ac03 - Aci";"628,25";"BR-365/MG";"Leste";"Choque - Elemento de Drenagem";0;0;0;0;0;0;0;0;0;1;2;0;0;0;0
"29/11/2023";"18:13:00";"298";"ac03 - Aci";"628,25";"BR-365/MG";"Leste";"Engavetamento";3;0;0;0;0;0;0;0;0;0;4;0;0;0;0
"01/12/2023";"13:55:00";"194";"ac03 - Aci";"691,6";"BR-365/MG";"Oeste";"Choque - Elemento de Drenagem";1;0;0;0;0;0;0;0;0;0;1;0;0;0;0
"02/12/2023";"01:13:00";"6";"ac03 - Aci";"855,2";"BR-365/MG";"Oeste";"Choque - Talude ou Barranco";0;0;0;0;0;0;0;0;0;1;2;0;0;0;0
"02/12/2023";"15:30:00";"243";"ac03 - Aci";"643,17";"BR-365/MG";"Oeste";"Choque - Elemento de Drenagem";1;0;0;0;0;0;0;0;0;0;1;0;0;0;0
"02/12/2023";"16:25:00";"264";"ac03 - Aci";"706,5";"BR-365/MG";"Oeste";"Colisão Traseira";2;0;0;0;0;0;0;0;0;0;6;0;0;0;0
"03/12/2023";"06:35:00";"45";"ac03 - Aci";"629,25";"BR-365/MG";"Leste";"Choque - Defensa metálica";1;0;0;0;0;0;0;0;0;0;1;0;0;0;0
"04/12/2023";"08:21:00";"96";"ac03 - Aci";"134,14";"BR-364/GO";"Oeste";"Choque - Outros";0;0;1;0;0;0;0;0;0;0;1;0;0;0;0
"04/12/2023";"17:55:00";"286";"ac02 - Aci";"829,3";"BR-365/MG";"Leste";"Colisão Traseira";0;0;1;0;0;0;0;0;0;1;1;0;1;0;0
"04/12/2023";"19:20:00";"306";"ac03 - Aci";"53,44";"BR-364/GO";"Oeste";"Choque - Outros";0;0;0;0;0;0;0;0;0;1;1;0;0;0;0
"05/12/2023";"10:56:00";"166";"ac03 - Aci";"8,5";"BR-364/GO";"Oeste";"Choque - Defensa metálica";1;0;0;0;0;0;0;0;0;0;1;0;0;0;0
"05/12/2023";"15:47:00";"246";"ac02 - Aci";"752,5";"BR-365/MG";"Oeste";"Queda de Moto";0;0;0;0;0;1;0;0;0;0;0;1;0;0;0
"05/12/2023";"18:57:00";"298";"ac03 - Aci";"626";"BR-365/MG";"Leste";"Choque - Elemento de Drenagem";1;0;0;0;0;0;0;0;0;0;4;0;0;0;0
"06/12/2023";"06:36:00";"27";"ac03 - Aci";"647,5";"BR-365/MG";"Oeste";"Colisão Traseira";1;0;1;0;0;0;0;0;0;0;4;0;0;0;0
"06/12/2023";"20:34:00";"344";"ac02 - Aci";"111";"BR-364/GO";"Oeste";"Colisão lateral no mesmo sentido";0;0;1;1;0;0;0;0;0;0;0;0;1;0;0
"07/12/2023";"00:04:00";"2";"ac03 - Aci";"642,83";"BR-365/MG";"Oeste";"Choque - Sinalização";0;0;0;0;0;0;0;0;0;1;1;0;0;0;0
"07/12/2023";"12:46:00";"263";"ac03 - Aci";"678,3";"BR-365/MG";"Leste";"Colisão Traseira";2;0;0;0;0;1;0;0;0;0;2;0;0;0;0
"07/12/2023";"20:53:00";"432";"ac03 - Aci";"20";"BR-364/GO";"Oeste";"Choque - Defensa metálica";1;0;0;0;0;0;0;0;0;0;0;0;0;0;0
"08/12/2023";"07:29:00";"73";"ac03 - Aci";"869,35";"BR-365/MG";"Leste";"Choque - Defensa metálica";0;0;0;0;0;0;0;0;0;1;0;0;0;0;0
"08/12/2023";"11:03:00";"173";"ac03 - Aci";"753";"BR-365/MG";"Oeste";"Colisão lateral no mesmo sentido";0;0;1;0;0;0;0;0;0;1;2;0;0;0;0
"08/12/2023";"12:46:00";"204";"ac02 - Aci";"662,1";"BR-365/MG";"Leste";"Capotamento";0;0;0;0;0;0;0;0;0;1;0;0;1;0;0
"08/12/2023";"16:36:00";"265";"ac03 - Aci";"643,2";"BR-365/MG";"Oeste";"Tombamento";0;0;1;0;0;1;0;0;0;0;1;0;0;0;0
"09/12/2023";"05:40:00";"33";"ac03 - Aci";"827,05";"BR-365/MG";"Leste";"Choque - Defensa metálica";0;0;0;0;0;0;0;0;0;1;1;0;0;0;0
"10/12/2023";"00:23:00";"4";"ac03 - Aci";"9,05";"BR-364/GO";"Leste";"Choque - Outros";1;0;0;0;0;0;0;0;0;0;1;0;0;0;0
"10/12/2023";"02:25:00";"12";"ac03 - Aci";"751";"BR-365/MG";"Leste";"Choque - Sinalização";1;0;0;0;0;0;0;0;0;0;0;0;0;0;0
"10/12/2023";"12:40:00";"140";"ac03 - Aci";"798";"BR-365/MG";"Oeste";"Choque - Talude ou Barranco";1;0;0;0;0;0;0;0;0;0;1;0;0;0;0
"10/12/2023";"19:09:00";"275";"ac03 - Aci";"637";"BR-365/MG";"Leste";"Colisão lateral no mesmo sentido";1;0;0;1;0;0;0;0;0;0;4;0;0;0;0
"10/12/2023";"20:32:00";"295";"ac03 - Aci";"656,74";"BR-365/MG";"Leste";"Choque - Outros";1;0;0;0;0;0;0;0;0;0;2;0;0;0;0
"11/12/2023";"17:48:00";"330";"ac02 - Aci";"60";"BR-364/GO";"Oeste";"Atropelamento - Pedestre";1;0;0;0;0;0;0;0;0;0;1;0;1;0;0
"12/12/2023";"13:21:00";"212";"ac03 - Aci";"167";"BR-364/GO";"Leste";"Capotamento";1;0;0;0;0;0;0;0;0;0;4;0;0;0;0
"13/12/2023";"13:48:00";"232";"ac02 - Aci";"57";"BR-364/GO";"Oeste";"Colisão Transversal";0;0;1;1;0;0;0;0;0;0;1;1;0;0;0
"13/12/2023";"14:21:00";"241";"ac03 - Aci";"630,85";"BR-365/MG";"Oeste";"Capotamento";1;0;0;0;0;0;0;0;0;0;2;0;0;0;0
"13/12/2023";"22:44:00";"395";"ac02 - Aci";"639,25";"BR-365/MG";"Leste";"Colisão Traseira";0;0;0;1;0;1;0;0;0;0;0;0;0;2;0
"14/12/2023";"00:02:00";"1";"ac02 - Aci";"651,13";"BR-365/MG";"Leste";"Colisão Traseira";0;0;2;0;0;0;0;0;0;0;1;0;0;1;0
"14/12/2023";"11:28:00";"187";"ac03 - Aci";"32,3";"BR-364/GO";"Leste";"Objeto lançado contra veículo";1;0;0;0;0;0;0;0;0;0;1;0;0;0;0
"15/12/2023";"13:03:00";"255";"ac03 - Aci";"709";"BR-365/MG";"Leste";"Choque - Veiculo parado no acostamento";0;0;1;0;0;1;0;0;0;0;1;0;0;0;0
"16/12/2023";"06:35:00";"52";"ac03 - Aci";"703";"BR-365/MG";"Oeste";"Colisão Traseira";1;0;1;0;0;0;0;0;0;0;5;0;0;0;0
"16/12/2023";"10:07:00";"149";"ac03 - Aci";"706,5";"BR-365/MG";"Oeste";"Colisão Traseira";1;0;1;0;0;0;0;0;0;0;3;0;0;0;0
"16/12/2023";"10:37:00";"163";"ac03 - Aci";"645,5";"BR-365/MG";"Leste";"Colisão Traseira";1;0;0;0;0;1;0;0;0;0;1;0;0;0;0
"17/12/2023";"08:10:00";"62";"ac02 - Aci";"0,5";"BR-364/GO";"Oeste";"Colisão Traseira";1;0;0;0;0;0;0;0;0;1;2;2;0;0;0
"18/12/2023";"15:16:00";"297";"ac03 - Aci";"756";"BR-365/MG";"Oeste";"Choque - Sinalização";0;0;0;0;0;0;0;0;0;1;1;0;0;0;0
"19/12/2023";"08:51:00";"159";"ac03 - Aci";"736,05";"BR-365/MG";"Leste";"Colisão Traseira";1;0;1;0;0;0;0;0;0;0;3;0;0;0;0
"19/12/2023";"09:29:00";"178";"ac03 - Aci";"765,98";"BR-365/MG";"Leste";"Choque - Outros";0;0;1;0;0;0;0;0;0;0;0;0;0;0;0
"19/12/2023";"23:04:00";"457";"ac04 - Aci";"832,7";"BR-365/MG";"Leste";"Capotamento";0;0;0;0;0;0;0;0;0;1;0;0;1;0;0
"20/12/2023";"20:41:00";"358";"ac03 - Aci";"794,5";"BR-365/MG";"Oeste";"Atropelamento de Animal";1;0;0;0;0;0;0;0;0;0;2;0;0;0;0
"20/12/2023";"21:23:00";"364";"ac02 - Aci";"703,75";"BR-365/MG";"Oeste";"Colisão Traseira";1;0;0;0;0;0;0;0;0;1;3;2;0;0;0
"20/12/2023";"21:40:00";"367";"ac03 - Aci";"764,9";"BR-365/MG";"Leste";"Atropelamento de Animal";0;0;1;0;0;0;0;0;0;0;1;0;0;0;0
"21/12/2023";"03:04:00";"28";"ac02 - Aci";"705,18";"BR-365/MG";"Oeste";"Colisão Traseira";0;0;0;0;1;1;0;0;0;0;16;5;1;2;0
"21/12/2023";"18:24:00";"333";"ac03 - Aci";"749,25";"BR-365/MG";"Oeste";"Tombamento";0;0;1;0;0;0;0;0;0;0;1;0;0;0;0
"21/12/2023";"21:40:00";"379";"ac02 - Aci";"821,42";"BR-365/MG";"Oeste";"Atropelamento de Animal";1;0;0;0;0;0;0;0;0;0;4;1;0;0;0
"21/12/2023";"23:23:00";"395";"ac03 - Aci";"681,5";"BR-365/MG";"Oeste";"Colisão lateral no mesmo sentido";1;0;0;0;0;1;0;0;0;0;1;0;0;0;0
"22/12/2023";"09:38:00";"157";"ac02 - Aci";"664,87";"BR-365/MG";"Oeste";"Choque - Defensa metálica";1;0;0;0;0;0;0;0;0;0;0;0;1;0;0
"22/12/2023";"16:02:00";"322";"ac03 - Aci";"704,35";"BR-365/MG";"Leste";"Colisão Traseira";1;0;0;0;0;0;0;0;0;1;4;0;0;0;0
"23/12/2023";"07:42:00";"89";"ac03 - Aci";"42,9";"BR-364/GO";"Oeste";"Capotamento";1;0;0;0;0;0;0;0;0;0;3;0;0;0;0
"23/12/2023";"14:27:00";"279";"ac03 - Aci";"670,23";"BR-365/MG";"Oeste";"Choque - Defensa metálica";1;0;0;0;0;0;0;0;0;0;1;0;0;0;0
"23/12/2023";"14:36:00";"282";"ac02 - Aci";"635,1";"BR-365/MG";"Oeste";"Colisão Traseira";1;0;1;0;0;0;0;0;0;0;3;0;0;1;0
"23/12/2023";"19:18:00";"370";"ac03 - Aci";"729,8";"BR-365/MG";"Oeste";"Choque - Defensa metálica";0;0;1;0;0;0;0;0;0;0;1;0;0;0;0
"24/12/2023";"15:46:00";"165";"ac02 - Aci";"155,41";"BR-364/GO";"Leste";"Queda de Moto";0;0;0;1;0;0;0;0;0;0;0;1;0;0;0
"26/12/2023";"17:41:00";"294";"ac04 - Aci";"835,95";"BR-365/MG";"Leste";"Choque - Outros";0;0;0;0;0;0;0;0;0;0;0;1;0;0;0
"27/12/2023";"06:57:00";"60";"ac02 - Aci";"103,852";"BR-364/GO";"Leste";"Queda de Moto";0;0;0;1;0;0;0;0;0;0;0;1;0;0;0
"27/12/2023";"21:22:00";"364";"ac03 - Aci";"56,5";"BR-364/GO";"Leste";"Atropelamento de Animal";0;0;1;0;0;0;0;0;0;0;1;0;0;0;0
"28/12/2023";"14:37:00";"234";"ac02 - Aci";"670,1";"BR-365/MG";"Oeste";"Choque - Elemento de Drenagem";1;0;0;0;0;0;0;0;0;0;0;0;1;0;0
"28/12/2023";"16:37:00";"272";"ac03 - Aci";"76,1";"BR-364/GO";"Leste";"Engavetamento";2;0;0;0;0;0;0;0;0;1;7;0;0;0;0
"29/12/2023";"22:05:00";"370";"ac03 - Aci";"675,48";"BR-365/MG";"Oeste";"Choque - Veiculo parado no acostamento";1;0;1;0;0;0;0;0;0;0;6;0;0;0;0
"29/12/2023";"22:27:00";"373";"ac03 - Aci";"816,87";"BR-365/MG";"Oeste";"Choque - Talude ou Barranco";1;0;0;0;0;0;0;0;0;0;1;0;0;0;0
"30/12/2023";"10:26:00";"145";"ac03 - Aci";"645,6";"BR-365/MG";"Leste";"Colisão Traseira";1;0;0;0;0;1;0;0;0;0;3;0;0;0;0
"31/12/2023";"21:22:00";"197";"ac03 - Aci";"657,8";"BR-365/MG";"Leste";"Choque - Meio fio";1;0;0;0;0;0;0;0;0;0;1;0;0;0;0
"01/01/2024";"05:53:00";"35";"Sem vítima";"627,200";"BR-365/MG";"Decrescente";"Choque";1;0;0;0;0;0;0;0;0;0;1;0;0;0;0
"01/01/2024";"08:18:00";"65";"Sem vítima";"626,300";"BR-365/MG";"Crescente";"Choque";1;0;0;0;0;0;0;0;0;0;2;0;0;0;0
"01/01/2024";"15:22:00";"144";"Sem vítima";"706,500";"BR-365/MG";"Crescente";"Acidentes de outra natureza";0;0;1;0;0;1;0;0;0;0;2;0;0;0;0
"01/01/2024";"16:22:00";"163";"Com vítima";"167,000";"BR-364/GO";"Decrescente";"Capotamento";1;0;0;0;0;0;0;0;0;0;1;1;2;0;0
"02/01/2024";"03:51:00";"13";"Com vítima";"74,730";"BR-364/GO";"Decrescente";"Atropelamento de animal";0;0;0;1;0;0;0;0;0;0;0;1;0;0;0
"02/01/2024";"13:59:00";"218";"Sem vítima";"635,750";"BR-365/MG";"Decrescente";"Tombamento";0;0;0;0;0;1;0;0;0;0;2;0;0;0;0
"03/01/2024";"14:41:00";"201";"Sem vítima";"794,000";"BR-365/MG";"Decrescente";"Atropelamento de animal";1;0;0;0;0;0;0;0;0;0;2;0;0;0;0
"03/01/2024";"17:18:00";"247";"Sem vítima";"59,000";"BR-364/GO";"Crescente";"Colisão lateral no mesmo sentido";1;0;0;0;0;1;0;0;0;0;4;0;0;0;0
"04/01/2024";"04:37:00";"24";"Sem vítima";"641,400";"BR-365/MG";"Crescente";"Choque";1;0;0;0;0;0;0;0;0;0;3;0;0;0;0
"04/01/2024";"07:52:00";"81";"Com vítima";"633,500";"BR-365/MG";"Crescente";"Choque";1;0;0;0;0;0;0;0;0;0;0;1;1;0;0
"04/01/2024";"16:28:00";"285";"Com vítima";"692,770";"BR-365/MG";"Crescente";"Colisão transversal";2;0;0;0;0;0;0;0;0;0;4;0;1;0;0
"06/01/2024";"01:55:00";"17";"Com vítima";"745,000";"BR-365/MG";"Decrescente";"Choque";1;0;0;0;0;0;0;0;0;0;0;1;0;0;0
"06/01/2024";"05:44:00";"37";"Com vítima";"56,840";"BR-364/GO";"Decrescente";"Choque";1;0;0;0;0;0;0;0;0;0;0;1;0;0;0
"06/01/2024";"10:38:00";"156";"Sem vítima";"766,250";"BR-365/MG";"Decrescente";"Tombamento";1;0;0;0;0;1;0;0;0;0;2;0;0;0;0
"06/01/2024";"13:27:00";"196";"Sem vítima";"149,000";"BR-364/GO";"Decrescente";"Choque";1;0;0;0;0;0;0;0;0;0;2;0;0;0;0
"06/01/2024";"15:04:00";"227";"Sem vítima";"745,000";"BR-365/MG";"Crescente";"Choque";1;0;0;0;0;0;0;0;0;0;2;0;0;0;0
"06/01/2024";"16:49:00";"270";"Sem vítima";"626,540";"BR-365/MG";"Crescente";"Choque";0;0;0;0;0;0;0;0;0;1;3;0;0;0;0
"06/01/2024";"17:38:00";"285";"Com vítima";"626,300";"BR-365/MG";"Decrescente";"Capotamento";0;0;0;0;0;0;0;0;0;1;0;1;0;0;0
"06/01/2024";"18:53:00";"302";"Com vítima";"113,810";"BR-364/GO";"Decrescente";"Colisão traseira";0;1;0;0;0;1;0;0;0;0;1;0;0;0;0
"07/01/2024";"17:23:00";"242";"Sem vítima";"821,900";"BR-365/MG";"Decrescente";"Colisão traseira";0;0;0;0;0;0;0;0;0;2;5;0;0;0;0
"08/01/2024";"00:03:00";"2";"Sem vítima";"638,000";"BR-365/MG";"Decrescente";"Choque";0;0;0;0;0;0;0;0;0;1;1;0;0;0;0
"08/01/2024";"14:07:00";"197";"Sem vítima";"736,320";"BR-365/MG";"Crescente";"Choque";1;0;0;0;0;0;0;0;0;0;1;0;0;0;0
"12/01/2024";"06:29:00";"44";"Com vítima";"798,000";"BR-365/MG";"Decrescente";"Atropelamento de animal";1;0;0;0;0;0;0;0;0;0;2;0;0;0;0
"12/01/2024";"11:26:00";"214";"Sem vítima";"714,510";"BR-365/MG";"Crescente";"Colisão traseira";1;0;1;0;0;0;0;0;0;0;2;0;0;0;0
"12/01/2024";"14:27:00";"265";"Sem vítima";"23,400";"BR-364/GO";"Decrescente";"Choque";0;0;1;0;0;0;0;0;0;0;3;0;0;0;0
"13/01/2024";"06:36:00";"41";"Com vítima";"696,070";"BR-365/MG";"Crescente";"Queda de moto";0;0;0;1;0;0;0;0;0;0;0;1;0;0;0
"13/01/2024";"08:04:00";"75";"Sem vítima";"670,200";"BR-365/MG";"Crescente";"Choque";0;0;0;0;0;0;0;0;0;1;2;0;0;0;0
"14/01/2024";"04:15:00";"20";"Sem vítima";"113,000";"BR-364/GO";"Crescente";"Choque";1;0;0;0;0;0;0;0;0;0;3;0;0;0;0
"14/01/2024";"13:05:00";"136";"Com vítima";"651,900";"BR-365/MG";"Decrescente";"Choque";1;0;0;0;0;0;0;0;0;0;1;0;1;0;0
"14/01/2024";"15:45:00";"178";"Sem vítima";"73,430";"BR-364/GO";"Crescente";"Choque";1;0;0;0;0;0;0;0;0;1;3;0;0;0;0
"15/01/2024";"08:16:00";"92";"Sem vítima";"719,700";"BR-365/MG";"Decrescente";"Choque";0;0;1;0;0;0;0;0;0;0;1;0;0;0;0
"17/01/2024";"07:27:00";"71";"Sem vítima";"661,000";"BR-365/MG";"Decrescente";"Choque";1;0;0;0;0;0;0;0;0;0;1;0;0;0;0
"18/01/2024";"12:30:00";"206";"Sem vítima";"680,510";"BR-365/MG";"Decrescente";"Choque";0;0;1;0;0;0;0;0;0;0;1;0;0;0;0
"18/01/2024";"15:02:00";"254";"Sem vítima";"661,400";"BR-365/MG";"Decrescente";"Tombamento";0;0;0;0;0;1;0;0;0;0;2;0;0;0;0
"18/01/2024";"19:04:00";"340";"Sem vítima";"703,800";"BR-365/MG";"Crescente";"Colisão traseira";0;0;0;0;0;2;0;0;0;0;2;0;0;0;0
"19/01/2024";"19:01:00";"387";"Sem vítima";"635,059";"BR-365/MG";"Decrescente";"Choque";0;0;0;0;0;0;0;0;0;1;1;0;0;0;0
"20/01/2024";"00:14:00";"4";"Com vítima";"106,000";"BR-364/GO";"Decrescente";"Atropelamento de animal";0;0;0;0;0;0;0;0;0;1;1;0;0;0;0
"20/01/2024";"16:57:00";"273";"Sem vítima";"728,000";"BR-365/MG";"Decrescente";"Choque";1;0;0;0;0;0;0;0;0;0;3;0;0;0;0
"20/01/2024";"20:17:00";"328";"Sem vítima";"666,010";"BR-365/MG";"Decrescente";"Choque";1;0;0;0;0;0;0;0;0;0;1;0;0;0;0
"23/01/2024";"06:44:00";"34";"Sem vítima";"675,200";"BR-365/MG";"Crescente";"Choque";1;0;0;0;0;0;0;0;0;0;1;0;0;0;0
"24/01/2024";"10:23:00";"164";"Sem vítima";"809,300";"BR-365/MG";"Decrescente";"Tombamento";0;0;1;0;0;0;0;0;0;0;3;0;0;0;0
"25/01/2024";"05:20:00";"38";"Com vítima";"73,300";"BR-364/GO";"Crescente";"Colisão traseira";0;0;0;1;1;0;0;0;0;0;19;0;1;0;0
"27/01/2024";"19:38:00";"303";"Com vítima";"647,000";"BR-365/MG";"Crescente";"Capotamento";1;0;0;0;0;0;0;0;0;0;1;0;0;0;0
"27/01/2024";"22:35:00";"339";"Com vítima";"48,080";"BR-364/GO";"Crescente";"Colisão frontal";2;0;0;0;0;0;0;0;0;0;1;1;0;1;1
"28/01/2024";"03:33:00";"21";"Com vítima";"836,710";"BR-365/MG";"Crescente";"Capotamento";1;0;0;0;0;0;0;0;0;0;0;1;1;0;0
"28/01/2024";"06:14:00";"38";"Sem vítima";"756,500";"BR-365/MG";"Decrescente";"Choque";1;0;0;0;0;0;0;0;0;0;4;0;0;0;0
"28/01/2024";"06:33:00";"42";"Sem vítima";"10,770";"BR-364/GO";"Decrescente";"Choque";1;0;0;0;0;0;0;0;0;0;1;0;0;0;0
"28/01/2024";"15:02:00";"178";"Com vítima";"109,500";"BR-364/GO";"Crescente";"Queda de moto";0;0;0;1;0;0;0;0;0;0;0;0;1;0;0
"28/01/2024";"20:02:00";"259";"Com vítima";"761,400";"BR-365/MG";"Decrescente";"Colisão traseira";0;0;0;0;0;0;0;0;0;2;2;4;0;0;0
"28/01/2024";"22:40:00";"288";"Com vítima";"761,240";"BR-365/MG";"Decrescente";"Choque";1;0;1;0;0;0;0;0;0;0;2;1;0;0;0
"29/01/2024";"06:32:00";"45";"Sem vítima";"667,700";"BR-365/MG";"Decrescente";"Choque";1;0;0;0;0;0;0;0;0;0;2;0;0;0;0
"29/01/2024";"13:14:00";"226";"Sem vítima";"93,120";"BR-364/GO";"Crescente";"Choque";0;0;0;0;0;1;0;0;0;0;1;0;0;0;0
"30/01/2024";"11:46:00";"174";"Com vítima";"112,850";"BR-364/GO";"Decrescente";"Tombamento";0;0;0;0;0;1;0;0;0;0;0;1;0;0;0
"30/01/2024";"13:04:00";"195";"Com vítima";"670,000";"BR-365/MG";"Decrescente";"Capotamento";1;0;0;0;0;0;0;0;0;0;0;0;2;0;0
"30/01/2024";"17:35:00";"260";"Com vítima";"685,000";"BR-365/MG";"Crescente";"Colisão traseira";1;0;0;0;0;1;0;0;0;0;2;0;1;0;0
"31/01/2024";"09:25:00";"138";"Com vítima";"703,800";"BR-365/MG";"Crescente";"Colisão traseira";0;0;0;0;0;2;0;0;0;0;2;1;0;0;0
"02/02/2024";"10:22:00";"167";"Sem vítima";"755,000";"BR-365/MG";"Crescente";"Choque";1;0;0;0;0;0;0;0;0;0;1;0;0;0;0
"03/02/2024";"08:16:00";"101";"Com vítima";"672,000";"BR-365/MG";"Crescente";"Queda de bicicleta";0;1;0;0;0;0;0;0;0;0;0;0;0;0;0
"03/02/2024";"22:07:00";"342";"Sem vítima";"688,000";"BR-365/MG";"Decrescente";"Colisão lateral no mesmo sentido";0;0;0;0;0;1;0;0;0;1;3;0;0;0;0
"04/02/2024";"17:44:00";"237";"Sem vítima";"706,500";"BR-365/MG";"Decrescente";"Choque";1;0;0;0;0;0;0;0;0;0;1;0;0;0;0
"05/02/2024";"18:04:00";"315";"Com vítima";"676,330";"BR-365/MG";"Decrescente";"Choque";1;0;0;0;0;0;0;0;0;0;4;0;0;1;0
"05/02/2024";"21:42:00";"370";"Sem vítima";"810,240";"BR-365/MG";"Decrescente";"Choque";1;0;0;0;0;0;0;0;0;0;1;0;0;0;0
"06/02/2024";"13:17:00";"210";"Sem vítima";"710,000";"BR-365/MG";"Crescente";"Colisão transversal";1;0;0;0;0;1;0;0;0;0;2;0;0;0;0
"06/02/2024";"13:22:00";"211";"Sem vítima";"77,900";"BR-364/GO";"Decrescente";"Choque";0;0;0;0;0;0;0;0;0;1;1;0;0;0;0
"08/02/2024";"10:37:00";"194";"Sem vítima";"656,000";"BR-365/MG";"Decrescente";"Colisão traseira";0;0;0;0;1;0;0;0;0;1;13;0;0;0;0
"08/02/2024";"14:42:00";"270";"Com vítima";"179,650";"BR-364/GO";"Crescente";"Capotamento";0;0;0;0;0;1;0;0;0;1;1;2;0;0;0
"09/02/2024";"09:08:00";"173";"Sem vítima";"636,240";"BR-365/MG";"Decrescente";"Choque";1;0;0;0;0;0;0;0;0;0;1;0;0;0;0
"09/02/2024";"15:25:00";"316";"Com vítima";"695,900";"BR-365/MG";"Crescente";"Colisão lateral no mesmo sentido";1;0;0;0;0;1;0;0;0;0;4;1;0;0;0
"11/02/2024";"04:02:00";"25";"Com vítima";"731,100";"BR-365/MG";"Decrescente";"Atropelamento de animal";1;0;0;0;0;0;0;0;0;0;0;1;0;0;0
"12/02/2024";"17:15:00";"310";"Com vítima";"627,330";"BR-365/MG";"Decrescente";"Queda de moto";0;0;0;1;0;0;0;0;0;0;0;2;0;0;0
"12/02/2024";"21:29:00";"390";"Sem vítima";"838,480";"BR-365/MG";"Crescente";"Atropelamento de animal";1;0;0;0;0;0;0;0;0;0;4;0;0;0;0
"13/02/2024";"12:53:00";"242";"Sem vítima";"628,400";"BR-365/MG";"Decrescente";"Choque";0;0;1;0;0;0;0;0;0;0;1;0;0;0;0
"13/02/2024";"13:57:00";"259";"Sem vítima";"32,950";"BR-364/GO";"Crescente";"Colisão traseira";1;0;0;0;0;1;0;0;0;0;4;0;0;0;0
"14/02/2024";"06:57:00";"90";"Com vítima";"664,950";"BR-365/MG";"Crescente";"Choque";0;0;0;0;0;0;0;0;0;1;0;1;0;0;0
"14/02/2024";"17:40:00";"336";"Com vítima";"657,300";"BR-365/MG";"Crescente";"Choque";1;0;0;0;0;0;0;0;0;0;0;0;2;0;1
"15/02/2024";"11:16:00";"187";"Sem vítima";"864,800";"BR-365/MG";"Crescente";"Colisão lateral em sentido contrário";0;0;0;0;0;2;0;0;0;0;2;0;0;0;0
"16/02/2024";"21:49:00";"408";"Sem vítima";"744,500";"BR-365/MG";"Crescente";"Choque";1;0;0;0;0;0;0;0;0;0;5;0;0;0;0
"17/02/2024";"03:45:00";"33";"Sem vítima";"700,140";"BR-365/MG";"Crescente";"Choque";0;0;0;0;0;1;0;0;0;0;1;0;0;0;0
"17/02/2024";"16:16:00";"276";"Sem vítima";"636,000";"BR-365/MG";"Crescente";"Choque";1;0;0;0;0;0;0;0;0;0;1;0;0;0;0
"17/02/2024";"17:48:00";"307";"Sem vítima";"99,340";"BR-364/GO";"Crescente";"Choque";0;0;0;0;0;1;0;0;0;0;1;0;0;0;0
"17/02/2024";"22:16:00";"365";"Com vítima";"756,800";"BR-365/MG";"Decrescente";"Tombamento";1;0;0;0;0;1;0;0;0;0;4;2;0;0;0
"18/02/2024";"07:48:00";"60";"Com vítima";"121,000";"BR-364/GO";"Decrescente";"Queda de bicicleta";0;1;0;0;0;0;0;0;0;0;0;0;0;0;0
"18/02/2024";"08:11:00";"67";"Sem vítima";"834,500";"BR-365/MG";"Crescente";"Choque";1;0;0;0;0;0;0;0;0;0;1;0;0;0;0