data;horario;n_da_ocorrencia;tipo_de_ocorrencia;km;trecho;sentido;tipo_de_acidente;automovel;bicicleta;caminhao;moto;onibus;outros;tracao_animal;transporte_de_cargas_especiais;trator_maquinas;utilitarios;ilesos;levemente_feridos;moderadamente_feridos;gravemente_feridos;mortos
"18/02/2024";"17:36:00";"184";"Sem vítima";"645,500";"BR-365/MG";"Decrescente";"Colisão traseira";1;0;0;0;0;1;0;0;0;0;3;0;0;0;0
"19/02/2024";"13:32:00";"203";"Sem vítima";"637,500";"BR-365/MG";"Decrescente";"Colisão transversal";0;0;1;0;0;0;0;0;0;1;3;0;0;0;0
"19/02/2024";"16:58:00";"262";"Sem vítima";"749,000";"BR-365/MG";"Crescente";"Colisão traseira";1;0;0;0;0;1;0;0;0;0;2;0;0;0;0
"21/02/2024";"13:28:00";"249";"Sem vítima";"638,000";"BR-365/MG";"Decrescente";"Colisão traseira";0;0;0;0;0;1;0;0;0;1;2;0;0;0;0
"21/02/2024";"15:01:00";"289";"Com vítima";"685,500";"BR-365/MG";"Decrescente";"Colisão traseira";0;0;2;0;0;0;0;0;0;0;0;2;0;0;0
"21/02/2024";"17:37:00";"344";"Sem vítima";"633,360";"BR-365/MG";"Crescente";"Colisão lateral em sentido contrário";0;0;0;0;0;1;0;0;0;1;3;0;0;0;0
"21/02/2024";"21:19:00";"385";"Com vítima";"635,400";"BR-365/MG";"Decrescente";"Colisão traseira";0;0;0;0;0;1;0;0;0;1;1;1;0;0;0
"23/02/2024";"06:55:00";"51";"Com vítima";"694,000";"BR-365/MG";"Crescente";"Colisão traseira";1;0;0;0;0;1;0;0;0;0;1;2;0;0;0
"24/02/2024";"15:38:00";"275";"Sem vítima";"860,000";"BR-365/MG";"Crescente";"Tombamento";0;0;0;0;0;1;0;0;0;0;2;0;0;0;0
"25/02/2024";"21:42:00";"339";"Sem vítima";"110,200";"BR-364/GO";"Decrescente";"Atropelamento de animal";1;0;0;0;0;0;0;0;0;0;4;0;0;0;0
"25/02/2024";"22:14:00";"351";"Sem vítima";"101,400";"BR-364/GO";"Decrescente";"Atropelamento de animal";1;0;0;0;0;0;0;0;0;0;1;0;0;0;0
"27/02/2024";"09:29:00";"148";"Com vítima";"22,000";"BR-364/GO";"Crescente";"Colisão transversal";0;0;0;1;0;1;0;0;0;0;1;1;0;0;0
"27/02/2024";"14:33:00";"257";"Sem vítima";"5,500";"BR-364/GO";"Decrescente";"Choque";1;0;0;0;0;0;0;0;0;0;3;0;0;0;0
"29/02/2024";"16:05:00";"360";"Sem vítima";"99,400";"BR-364/GO";"Decrescente";"Colisão traseira";0;0;0;0;0;1;0;0;0;1;3;0;0;0;0
"29/02/2024";"16:18:00";"366";"Sem vítima";"637,700";"BR-365/MG";"Decrescente";"Acidentes de outra natureza";1;0;0;0;0;0;0;0;0;0;1;0;0;0;0
"01/03/2024";"08:40:00";"131";"Sem vítima";"17,230";"BR-364/GO";"Decrescente";"Queda de moto";0;0;0;1;0;0;0;0;0;0;1;0;0;0;0
"01/03/2024";"10:38:00";"181";"Com vítima";"787,800";"BR-365/MG";"Crescente";"Queda de bicicleta";0;1;0;0;0;0;0;0;0;0;0;0;0;0;0
"01/03/2024";"19:48:00";"365";"Sem vítima";"700,000";"BR-365/MG";"Decrescente";"Capotamento";2;0;0;0;0;1;0;0;0;0;4;0;0;0;0
"02/03/2024";"10:39:00";"150";"Com vítima";"724,090";"BR-365/MG";"Crescente";"Colisão lateral em sentido contrário";2;0;0;0;0;1;0;0;0;0;4;1;0;0;0
"02/03/2024";"20:36:00";"298";"Com vítima";"657,000";"BR-365/MG";"Decrescente";"Capotamento";0;0;0;0;0;0;0;0;0;1;0;1;0;0;0
"03/03/2024";"08:59:00";"106";"Sem vítima";"645,600";"BR-365/MG";"Decrescente";"Colisão traseira";2;0;0;0;0;0;0;0;0;0;4;0;0;0;0
"04/03/2024";"07:57:00";"117";"Sem vítima";"806,990";"BR-365/MG";"Decrescente";"Choque";1;0;0;0;0;0;0;0;0;0;1;0;0;0;0
"04/03/2024";"11:01:00";"214";"Sem vítima";"685,480";"BR-365/MG";"Decrescente";"Colisão traseira";0;0;2;0;0;0;0;0;0;0;2;0;0;0;0
"04/03/2024";"21:56:00";"401";"Sem vítima";"120,000";"BR-364/GO";"Decrescente";"Choque";1;0;0;0;0;0;0;0;0;0;1;0;0;0;0
"07/03/2024";"15:02:00";"268";"Sem vítima";"643,130";"BR-365/MG";"Decrescente";"Capotamento";0;0;0;0;0;0;0;0;0;1;1;0;0;0;0
"09/03/2024";"05:12:00";"44";"Com vítima";"823,650";"BR-365/MG";"Decrescente";"Queda de moto";0;0;0;1;0;0;0;0;0;0;0;0;0;1;0
"09/03/2024";"19:36:00";"254";"Com vítima";"730,620";"BR-365/MG";"Crescente";"Colisão lateral em sentido contrário";2;0;0;0;0;0;0;0;0;0;4;1;0;0;0
"09/03/2024";"22:04:00";"288";"Sem vítima";"831,800";"BR-365/MG";"Crescente";"Choque";1;0;0;0;0;0;0;0;0;0;1;0;0;0;0
"09/03/2024";"23:06:00";"300";"Sem vítima";"642,600";"BR-365/MG";"Crescente";"Tombamento";0;0;1;0;0;0;0;0;0;0;1;0;0;0;0
"09/03/2024";"23:26:00";"304";"Com vítima";"634,000";"BR-365/MG";"Decrescente";"Colisão traseira";0;0;0;0;0;1;0;0;0;1;1;1;0;0;0
"10/03/2024";"00:51:00";"3";"Sem vítima";"849,140";"BR-365/MG";"Decrescente";"Choque";1;0;0;0;0;0;0;0;0;0;2;0;0;0;0
"10/03/2024";"02:58:00";"9";"Com vítima";"648,420";"BR-365/MG";"Decrescente";"Atropelamento de pedestre";0;0;0;0;0;1;0;0;0;0;4;0;3;0;0
"10/03/2024";"03:35:00";"12";"Sem vítima";"823,680";"BR-365/MG";"Crescente";"Choque";0;0;0;0;0;0;0;0;0;1;3;0;0;0;0
"10/03/2024";"09:21:00";"58";"Com vítima";"21,300";"BR-364/GO";"Decrescente";"Choque";0;0;0;0;1;0;0;0;0;0;1;0;3;0;0
"11/03/2024";"15:11:00";"288";"Com vítima";"154,000";"BR-364/GO";"Decrescente";"Tombamento";0;0;0;0;0;1;0;0;0;0;0;0;0;1;0
"12/03/2024";"05:19:00";"33";"Sem vítima";"707,000";"BR-365/MG";"Crescente";"Choque";0;0;0;0;0;1;0;0;0;0;1;0;0;0;0
"12/03/2024";"16:32:00";"306";"Sem vítima";"680,330";"BR-365/MG";"Crescente";"Tombamento";0;0;0;0;0;1;0;0;0;0;1;0;0;0;0
"12/03/2024";"18:56:00";"345";"Sem vítima";"662,380";"BR-365/MG";"Crescente";"Acidentes de outra natureza";0;0;1;0;0;0;0;0;0;0;2;0;0;0;0
"12/03/2024";"20:48:00";"368";"Sem vítima";"160,000";"BR-364/GO";"Crescente";"Choque";0;0;0;0;0;0;0;0;0;1;1;0;0;0;0
"12/03/2024";"21:13:00";"374";"Com vítima";"818,000";"BR-365/MG";"Decrescente";"Choque";0;0;0;0;0;0;0;0;0;1;0;1;0;0;0
"12/03/2024";"23:57:00";"403";"Sem vítima";"1,200";"BR-364/GO";"Decrescente";"Choque";1;0;0;0;0;0;0;0;0;0;1;0;0;0;0
"13/03/2024";"01:26:00";"14";"Com vítima";"780,770";"BR-365/MG";"Crescente";"Colisão lateral em sentido contrário";1;0;0;0;0;1;0;0;0;0;1;1;0;1;0
"15/03/2024";"05:59:00";"25";"Sem vítima";"645,500";"BR-365/MG";"Crescente";"Choque";1;0;0;0;0;0;0;0;0;0;1;0;0;0;0
"16/03/2024";"10:06:00";"154";"Sem vítima";"835,950";"BR-365/MG";"Decrescente";"Colisão traseira";1;0;1;0;0;0;0;0;0;0;2;0;0;0;0
"16/03/2024";"11:16:00";"176";"Sem vítima";"633,000";"BR-365/MG";"Decrescente";"Colisão traseira";0;0;0;0;0;1;0;0;0;1;2;0;0;0;0
"16/03/2024";"14:12:00";"220";"Sem vítima";"755,000";"BR-365/MG";"Crescente";"Colisão traseira";1;0;0;0;0;0;0;0;0;1;4;0;0;0;0
"17/03/2024";"16:03:00";"221";"Sem vítima";"681,340";"BR-365/MG";"Crescente";"Capotamento";1;0;0;0;0;0;0;0;0;0;2;0;0;0;0
"17/03/2024";"19:30:00";"285";"Com vítima";"644,000";"BR-365/MG";"Crescente";"Choque";1;0;0;0;0;0;0;0;0;0;2;1;0;0;0
"18/03/2024";"20:37:00";"345";"Sem vítima";"773,500";"BR-365/MG";"Decrescente";"Atropelamento de animal";1;0;0;0;0;0;0;0;0;0;1;0;0;0;0
"19/03/2024";"01:12:00";"10";"Com vítima";"771,045";"BR-365/MG";"Decrescente";"Choque";0;0;0;0;0;0;0;0;0;1;0;0;1;0;0
"19/03/2024";"14:27:00";"257";"Sem vítima";"112,200";"BR-364/GO";"Crescente";"Engavetamento";1;0;1;0;0;0;0;0;0;1;3;0;0;0;0
"19/03/2024";"20:39:00";"386";"Sem vítima";"756,200";"BR-365/MG";"Decrescente";"Choque";0;0;0;0;0;0;0;0;0;1;2;0;0;0;0
"20/03/2024";"00:43:00";"8";"Sem vítima";"823,000";"BR-365/MG";"Crescente";"Choque";0;0;0;0;0;1;0;0;0;0;1;0;0;0;0
"21/03/2024";"02:12:00";"12";"Com vítima";"792,610";"BR-365/MG";"Decrescente";"Choque";1;0;0;0;0;0;0;0;0;0;0;0;1;0;0
"21/03/2024";"15:36:00";"251";"Sem vítima";"44,150";"BR-364/GO";"Decrescente";"Capotamento";0;0;0;0;0;0;0;0;0;1;1;0;0;0;0
"21/03/2024";"23:34:00";"359";"Sem vítima";"704,350";"BR-365/MG";"Crescente";"Colisão traseira";0;0;0;0;0;2;0;0;0;0;2;0;0;0;0
"21/03/2024";"23:43:00";"361";"Sem vítima";"703,350";"BR-365/MG";"Decrescente";"Tombamento";0;0;0;0;0;1;0;0;0;0;1;0;0;0;0
"22/03/2024";"04:17:00";"13";"Com vítima";"124,800";"BR-364/GO";"Decrescente";"Choque";1;0;0;0;0;0;0;0;0;0;0;1;0;0;0
"22/03/2024";"14:40:00";"227";"Sem vítima";"739,300";"BR-365/MG";"Crescente";"Colisão traseira";0;0;1;0;0;0;0;0;0;1;3;0;0;0;0
"22/03/2024";"19:38:00";"306";"Sem vítima";"707,300";"BR-365/MG";"Crescente";"Colisão lateral no mesmo sentido";1;0;0;0;0;0;0;0;0;1;2;0;0;0;0
"23/03/2024";"04:27:00";"19";"Sem vítima";"80,209";"BR-364/GO";"Crescente";"Choque";0;0;1;0;0;0;0;0;0;0;2;0;0;0;0
"23/03/2024";"06:13:00";"26";"Com vítima";"681,000";"BR-365/MG";"Crescente";"Tombamento";0;0;0;0;0;1;0;0;0;0;0;1;0;0;0
"23/03/2024";"08:06:00";"79";"Sem vítima";"652,500";"BR-365/MG";"Crescente";"Colisão traseira";1;0;0;0;0;1;0;0;0;0;2;0;0;0;0
"23/03/2024";"10:01:00";"119";"Com vítima";"62,369";"BR-364/GO";"Crescente";"Capotamento";1;0;0;0;0;0;0;0;0;0;0;0;1;0;0
"23/03/2024";"17:09:00";"262";"Sem vítima";"754,200";"BR-365/MG";"Crescente";"Choque";0;0;0;0;0;0;0;0;0;1;1;0;0;0;0
"24/03/2024";"18:06:00";"217";"Sem vítima";"670,000";"BR-365/MG";"Crescente";"Colisão lateral no mesmo sentido";0;0;1;0;0;1;0;0;0;0;2;0;0;0;0
"24/03/2024";"20:01:00";"239";"Com vítima";"808,000";"BR-365/MG";"Crescente";"Colisão frontal";1;0;0;0;0;0;0;0;0;1;0;0;0;1;1
"25/03/2024";"15:39:00";"231";"Sem vítima";"706,100";"BR-365/MG";"Crescente";"Colisão transversal";0;0;0;0;0;1;0;0;0;1;3;0;0;0;0
"25/03/2024";"19:44:00";"282";"Sem vítima";"756,050";"BR-365/MG";"Decrescente";"Choque";0;0;0;0;0;0;0;0;0;1;2;0;0;0;0
"27/03/2024";"09:22:00";"131";"Sem vítima";"32,950";"BR-364/GO";"Decrescente";"Colisão traseira";0;0;2;0;0;0;0;0;0;0;2;0;0;0;0
"27/03/2024";"15:06:00";"254";"Sem vítima";"779,680";"BR-365/MG";"Decrescente";"Colisão traseira";1;0;0;0;0;1;0;0;0;0;2;0;0;0;0
"28/03/2024";"10:50:00";"220";"Sem vítima";"750,000";"BR-365/MG";"Crescente";"Tombamento";0;0;0;0;0;1;0;0;0;0;1;0;0;0;0
"28/03/2024";"14:02:00";"297";"Sem vítima";"179,000";"BR-364/GO";"Crescente";"Choque";1;0;0;0;0;0;0;0;0;0;1;0;0;0;0
"28/03/2024";"14:37:00";"310";"Sem vítima";"626,300";"BR-365/MG";"Decrescente";"Choque";1;0;0;0;0;0;0;0;0;0;2;0;0;0;0
"28/03/2024";"15:35:00";"332";"Sem vítima";"134,600";"BR-364/GO";"Decrescente";"Choque";0;0;1;0;0;0;0;0;0;0;3;0;0;0;0
"28/03/2024";"17:39:00";"381";"Com vítima";"651,000";"BR-365/MG";"Crescente";"Capotamento";1;0;0;0;0;0;0;0;0;0;0;2;0;0;0
"28/03/2024";"20:31:00";"462";"Com vítima";"627,000";"BR-365/MG";"Decrescente";"Colisão lateral no mesmo sentido";0;1;0;0;0;0;0;0;0;1;1;0;0;0;0
"29/03/2024";"23:25:00";"339";"Sem vítima";"816,160";"BR-365/MG";"Crescente";"Choque";1;0;0;0;0;0;0;0;0;0;1;0;0;0;0
"30/03/2024";"21:53:00";"283";"Com vítima";"67,000";"BR-364/GO";"Decrescente";"Capotamento";0;0;0;0;0;0;0;0;0;1;0;1;0;0;0
"31/03/2024";"01:16:00";"6";"Sem vítima";"756,600";"BR-365/MG";"Decrescente";"Choque";0;0;0;0;0;0;0;0;0;1;3;0;0;0;0
"02/04/2024";"03:36:00";"27";"Com vítima";"8,330";"BR-364/GO";"Decrescente";"Choque";1;0;0;0;0;0;0;0;0;0;0;1;0;0;0
"04/04/2024";"13:17:00";"237";"Sem vítima";"642,480";"BR-365/MG";"Decrescente";"Colisão lateral no mesmo sentido";2;0;0;0;0;0;0;0;0;0;3;0;0;0;0
"04/04/2024";"17:28:00";"321";"Sem vítima";"175,700";"BR-364/GO";"Crescente";"Tombamento";0;0;0;0;0;1;0;0;0;0;1;0;0;0;0
"05/04/2024";"15:21:00";"300";"Sem vítima";"181,000";"BR-364/GO";"Decrescente";"Choque";0;0;0;0;0;0;0;0;0;1;3;0;0;0;0
"05/04/2024";"15:51:00";"317";"Sem vítima";"752,500";"BR-365/MG";"Decrescente";"Colisão transversal";1;0;2;0;0;0;0;0;0;1;5;0;0;0;0
"05/04/2024";"16:16:00";"326";"Com vítima";"88,900";"BR-364/GO";"Crescente";"Colisão lateral em sentido contrário";0;0;0;0;0;1;0;0;0;1;1;1;0;0;0
"05/04/2024";"17:47:00";"361";"Sem vítima";"756,000";"BR-365/MG";"Decrescente";"Choque";0;0;0;0;0;0;0;0;0;1;1;0;0;0;0
"05/04/2024";"19:34:00";"397";"Sem vítima";"740,050";"BR-365/MG";"Crescente";"Colisão traseira";1;0;0;0;0;0;0;0;0;1;2;0;0;0;0
"06/04/2024";"08:13:00";"99";"Sem vítima";"645,500";"BR-365/MG";"Crescente";"Colisão traseira";0;0;1;0;0;1;0;0;0;0;2;0;0;0;0
"06/04/2024";"16:48:00";"268";"Sem vítima";"12,000";"BR-364/GO";"Decrescente";"Colisão lateral no mesmo sentido";1;0;0;0;0;1;0;0;0;0;2;0;0;0;0
"07/04/2024";"09:38:00";"86";"Com vítima";"635,000";"BR-365/MG";"Crescente";"Capotamento";0;0;0;0;0;0;0;0;0;1;0;1;0;0;0
"08/04/2024";"11:41:00";"222";"Sem vítima";"815,300";"BR-365/MG";"Crescente";"Tombamento";0;0;0;0;0;0;0;0;0;1;2;0;0;0;0
"08/04/2024";"19:02:00";"368";"Com vítima";"657,600";"BR-365/MG";"Decrescente";"Colisão traseira";0;0;0;1;0;0;0;0;0;1;1;1;0;0;0
"08/04/2024";"22:35:00";"415";"Sem vítima";"756,000";"BR-365/MG";"Decrescente";"Choque";0;0;0;0;0;0;0;0;0;1;2;0;0;0;0
"10/04/2024";"17:32:00";"333";"Sem vítima";"725,550";"BR-365/MG";"Decrescente";"Colisão traseira";0;0;0;0;0;1;0;0;0;1;2;0;0;0;0
"10/04/2024";"19:20:00";"361";"Sem vítima";"817,600";"BR-365/MG";"Crescente";"Colisão traseira";1;0;0;0;0;1;0;0;0;0;3;0;0;0;0
"11/04/2024";"11:37:00";"200";"Sem vítima";"645,500";"BR-365/MG";"Crescente";"Colisão traseira";1;0;0;0;0;1;0;0;0;0;3;0;0;0;0
"12/04/2024";"04:50:00";"25";"Sem vítima";"5,530";"BR-364/GO";"Decrescente";"Choque";1;0;0;0;0;0;0;0;0;0;2;0;0;0;0
"12/04/2024";"12:21:00";"249";"Com vítima";"855,400";"BR-365/MG";"Crescente";"Atropelamento de animal";0;0;0;0;0;0;0;0;0;1;3;0;0;0;0
"13/04/2024";"14:16:00";"212";"Sem vítima";"89,100";"BR-364/GO";"Crescente";"Colisão lateral no mesmo sentido";1;0;1;0;0;0;0;0;0;0;3;0;0;0;0
"13/04/2024";"22:37:00";"347";"Com vítima";"868,000";"BR-365/MG";"Crescente";"Colisão lateral no mesmo sentido";1;0;0;1;0;0;0;0;0;0;0;4;1;0;2
"14/04/2024";"20:47:00";"255";"Sem vítima";"627,000";"BR-365/MG";"Crescente";"Choque";0;0;1;0;0;0;0;0;0;0;1;0;0;0;0
"15/04/2024";"15:42:00";"269";"Sem vítima";"673,700";"BR-365/MG";"Crescente";"Colisão lateral no mesmo sentido";0;0;0;0;0;1;0;0;0;1;2;0;0;0;0
"15/04/2024";"16:33:00";"284";"Sem vítima";"680,300";"BR-365/MG";"Decrescente";"Choque";0;0;0;0;0;1;0;0;0;0;8;0;0;0;0
"16/04/2024";"07:25:00";"71";"Sem vítima";"662,820";"BR-365/MG";"Crescente";"Acidentes de outra natureza";1;0;0;0;0;1;0;0;0;0;3;0;0;0;0
"16/04/2024";"18:16:00";"357";"Com vítima";"831,400";"BR-365/MG";"Decrescente";"Atropelamento de animal";0;0;0;0;0;0;0;0;0;1;1;0;0;0;0
"17/04/2024";"17:26:00";"350";"Sem vítima";"749,840";"BR-365/MG";"Decrescente";"Colisão lateral no mesmo sentido";0;0;0;0;0;2;0;0;0;0;2;0;0;0;0
"18/04/2024";"03:27:00";"27";"Com vítima";"706,500";"BR-365/MG";"Decrescente";"Colisão transversal";1;0;0;0;0;1;0;0;0;0;3;0;1;0;0
"18/04/2024";"06:14:00";"42";"Sem vítima";"683,700";"BR-365/MG";"Crescente";"Choque";1;0;0;0;0;0;0;0;0;0;1;0;0;0;0
"18/04/2024";"14:19:00";"305";"Com vítima";"665,000";"BR-365/MG";"Decrescente";"Capotamento";1;0;0;0;0;0;0;0;0;0;0;2;0;0;0
"18/04/2024";"14:21:00";"307";"Com vítima";"659,000";"BR-365/MG";"Crescente";"Choque";0;0;0;0;0;0;0;0;0;1;1;1;0;0;0
"18/04/2024";"20:36:00";"406";"Com vítima";"703,000";"BR-365/MG";"Decrescente";"Colisão traseira";0;0;0;0;0;1;0;0;0;1;1;1;0;0;0
"20/04/2024";"00:55:00";"10";"Sem vítima";"677,050";"BR-365/MG";"Decrescente";"Choque";0;0;0;0;0;0;0;0;0;1;4;0;0;0;0
"20/04/2024";"17:03:00";"309";"Sem vítima";"651,200";"BR-365/MG";"Crescente";"Choque";1;0;0;0;0;0;0;0;0;0;1;0;0;0;0
"21/04/2024";"16:58:00";"246";"Com vítima";"751,150";"BR-365/MG";"Decrescente";"Choque";1;0;0;0;0;0;0;0;0;0;0;0;1;0;0
"22/04/2024";"10:28:00";"200";"Sem vítima";"173,650";"BR-364/GO";"Decrescente";"Choque";1;0;0;0;0;0;0;0;0;0;1;0;0;0;0
"22/04/2024";"15:06:00";"300";"Sem vítima";"638,000";"BR-365/MG";"Crescente";"Colisão traseira";1;0;1;0;0;0;0;0;0;0;2;0;0;0;0
"23/04/2024";"00:26:00";"3";"Sem vítima";"626,470";"BR-365/MG";"Crescente";"Tombamento";0;0;1;0;0;0;0;0;0;0;1;0;0;0;0
"23/04/2024";"17:26:00";"297";"Sem vítima";"639,720";"BR-365/MG";"Crescente";"Colisão traseira";1;0;0;0;0;1;0;0;0;0;3;0;0;0;0
"24/04/2024";"06:00:00";"36";"Sem vítima";"129,330";"BR-364/GO";"Decrescente";"Atropelamento de animal";0;0;0;0;0;0;0;0;0;1;1;0;0;0;0
"24/04/2024";"17:28:00";"331";"Com vítima";"753,100";"BR-365/MG";"Crescente";"Colisão lateral em sentido contrário";0;0;0;1;0;0;0;0;0;1;1;1;0;0;0
"24/04/2024";"19:06:00";"355";"Sem vítima";"645,350";"BR-365/MG";"Crescente";"Colisão traseira";0;0;0;0;0;2;0;0;0;0;2;0;0;0;0
"24/04/2024";"19:46:00";"372";"Com vítima";"89,900";"BR-364/GO";"Crescente";"Colisão frontal";0;0;0;0;0;1;0;0;0;1;0;1;0;1;3
"25/04/2024";"13:18:00";"241";"Com vítima";"754,800";"BR-365/MG";"Decrescente";"Colisão transversal";1;0;0;0;0;1;0;0;0;0;1;1;0;0;0
"26/04/2024";"12:03:00";"218";"Sem vítima";"774,400";"BR-365/MG";"Crescente";"Choque";0;0;0;0;0;1;0;0;0;0;1;0;0;0;0
"26/04/2024";"16:21:00";"304";"Sem vítima";"645,600";"BR-365/MG";"Crescente";"Colisão traseira";1;0;0;0;0;1;0;0;0;0;4;0;0;0;0
"27/04/2024";"21:11:00";"310";"Sem vítima";"148,750";"BR-364/GO";"Crescente";"Atropelamento de animal";1;0;0;0;0;0;0;0;0;0;3;0;0;0;0
"28/04/2024";"22:49:00";"316";"Com vítima";"22,200";"BR-364/GO";"Decrescente";"Atropelamento de animal";1;0;0;0;0;0;0;0;0;0;3;0;0;0;0
"29/04/2024";"13:36:00";"238";"Sem vítima";"735,480";"BR-365/MG";"Crescente";"Choque";0;0;0;0;0;1;0;0;0;0;1;0;0;0;0
"30/04/2024";"13:32:00";"257";"Sem vítima";"666,950";"BR-365/MG";"Decrescente";"Choque";0;0;0;0;0;0;0;0;0;1;1;0;0;0;0
"30/04/2024";"21:44:00";"394";"Com vítima";"715,600";"BR-365/MG";"Crescente";"Atropelamento de animal";1;0;0;0;0;0;0;0;0;0;2;0;0;0;0
"01/05/2024";"00:20:00";"3";"Sem vítima";"660,300";"BR-365/MG";"Crescente";"Choque";0;0;0;0;0;1;0;0;0;0;1;0;0;0;0
"03/05/2024";"18:55:00";"384";"Com vítima";"791,770";"BR-365/MG";"Decrescente";"Queda de moto";0;0;0;1;0;0;0;0;0;0;0;1;0;0;0
"03/05/2024";"18:59:00";"387";"Sem vítima";"791,770";"BR-365/MG";"Decrescente";"Choque";1;0;0;0;0;0;0;0;0;0;2;0;0;0;0
"04/05/2024";"00:44:00";"6";"Sem vítima";"765,050";"BR-365/MG";"Crescente";"Choque";1;0;0;0;0;0;0;0;0;0;1;0;0;0;0
"04/05/2024";"22:38:00";"367";"Com vítima";"745,410";"BR-365/MG";"Crescente";"Tombamento";0;0;0;0;0;1;0;0;0;0;0;0;1;0;0
"05/05/2024";"08:08:00";"74";"Com vítima";"632,429";"BR-365/MG";"Crescente";"Choque";1;0;0;0;0;0;0;0;0;0;1;0;0;0;1
"05/05/2024";"19:13:00";"272";"Sem vítima";"58,000";"BR-364/GO";"Crescente";"Acidentes de outra natureza";1;0;0;0;0;0;0;0;0;0;4;0;0;0;0
"06/05/2024";"14:51:00";"291";"Sem vítima";"663,800";"BR-365/MG";"Decrescente";"Choque";1;0;0;0;0;0;0;0;0;0;4;0;0;0;0
"06/05/2024";"18:39:00";"362";"Sem vítima";"790,600";"BR-365/MG";"Crescente";"Colisão lateral no mesmo sentido";0;0;0;0;0;0;0;0;0;2;13;0;0;0;0
"08/05/2024";"08:03:00";"99";"Sem vítima";"645,600";"BR-365/MG";"Crescente";"Choque";1;0;1;0;0;0;0;0;0;0;3;0;0;0;0
"09/05/2024";"02:20:00";"17";"Com vítima";"832,000";"BR-365/MG";"Decrescente";"Atropelamento de animal";1;0;0;0;0;0;0;0;0;0;0;0;1;0;0
"09/05/2024";"05:51:00";"34";"Sem vítima";"843,120";"BR-365/MG";"Decrescente";"Colisão lateral em sentido contrário";1;0;0;0;0;1;0;0;0;0;3;0;0;0;0
"09/05/2024";"08:33:00";"118";"Sem vítima";"9,090";"BR-364/GO";"Decrescente";"Choque";1;0;0;0;0;0;0;0;0;0;1;0;0;0;0
"09/05/2024";"20:09:00";"398";"Sem vítima";"32,950";"BR-364/GO";"Decrescente";"Colisão traseira";2;0;0;0;0;0;0;0;0;0;5;0;0;0;0
"09/05/2024";"23:19:00";"441";"Com vítima";"628,000";"BR-365/MG";"Crescente";"Choque";1;0;0;0;0;0;0;0;0;0;0;1;0;0;0
"10/05/2024";"15:25:00";"276";"Sem vítima";"783,700";"BR-365/MG";"Crescente";"Colisão traseira";1;0;0;0;0;1;0;0;0;0;5;0;0;0;0
"10/05/2024";"15:50:00";"286";"Com vítima";"786,700";"BR-365/MG";"Decrescente";"Colisão traseira";1;0;0;0;0;0;0;0;0;1;1;1;0;0;0
"10/05/2024";"16:24:00";"302";"Sem vítima";"628,710";"BR-365/MG";"Decrescente";"Colisão lateral no mesmo sentido";1;0;0;0;0;0;0;0;0;1;6;0;0;0;0
"12/05/2024";"02:40:00";"19";"Sem vítima";"82,150";"BR-364/GO";"Decrescente";"Atropelamento de animal";1;0;0;0;0;0;0;0;0;0;3;0;0;0;0
"12/05/2024";"15:51:00";"219";"Sem vítima";"21,600";"BR-364/GO";"Crescente";"Choque";0;0;0;0;0;0;0;0;0;1;1;0;0;0;0
"15/05/2024";"21:00:00";"384";"Sem vítima";"100,000";"BR-364/GO";"Crescente";"Tombamento";0;0;0;0;0;1;0;0;0;0;1;0;0;0;0
"16/05/2024";"21:25:00";"391";"Sem vítima";"705,070";"BR-365/MG";"Decrescente";"Colisão traseira";0;0;1;0;0;1;0;0;0;0;2;0;0;0;0