data;horario;n_da_ocorrencia;tipo_de_ocorrencia;km;trecho;sentido;tipo_de_acidente;automovel;bicicleta;caminhao;moto;onibus;outros;tracao_animal;transporte_de_cargas_especiais;trator_maquinas;utilitarios;ilesos;levemente_feridos;moderadamente_feridos;gravemente_feridos;mortos
"31/01/2025";"18:24:00";"350";"Sem vítima";"645,500";"BR-365/MG";"Crescente";"Colisão lateral no mesmo sentido";1;0;0;0;0;1;0;0;0;0;3;0;0;0;0
"31/01/2025";"18:40:00";"354";"Sem vítima";"731,000";"BR-365/MG";"Crescente";"Colisão traseira";0;0;0;0;0;0;0;0;0;2;2;0;0;0;0
"01/02/2025";"14:25:00";"174";"Sem vítima";"799,500";"BR-365/MG";"Decrescente";"Choque";1;0;0;0;0;0;0;0;0;0;3;0;0;0;0
"01/02/2025";"15:05:00";"189";"Sem vítima";"752,810";"BR-365/MG";"Decrescente";"Choque";1;0;0;0;0;0;0;0;0;0;2;0;0;0;0
"02/02/2025";"03:20:00";"15";"Sem vítima";"665,070";"BR-365/MG";"Crescente";"Capotamento";0;0;0;0;0;0;0;0;0;1;1;0;0;0;0
"02/02/2025";"17:16:00";"232";"Com vítima";"818,250";"BR-365/MG";"Decrescente";"Colisão frontal";2;0;0;0;0;1;0;0;0;0;0;1;1;1;2
"03/02/2025";"14:58:00";"259";"Com vítima";"794,310";"BR-365/MG";"Decrescente";"Engavetamento";2;0;1;0;0;0;0;0;0;0;4;0;1;0;0
"05/02/2025";"16:27:00";"292";"Sem vítima";"676,830";"BR-365/MG";"Decrescente";"Choque";1;0;0;0;0;0;0;0;0;0;2;0;0;0;0
"05/02/2025";"17:52:00";"315";"Sem vítima";"645,500";"BR-365/MG";"Decrescente";"Colisão traseira";1;0;0;0;0;0;0;0;0;1;2;0;0;0;0
"06/02/2025";"16:36:00";"336";"Sem vítima";"704,350";"BR-365/MG";"Decrescente";"Colisão traseira";0;0;1;0;0;0;0;0;0;1;2;0;0;0;0
"06/02/2025";"22:51:00";"431";"Sem vítima";"156,700";"BR-364/GO";"Crescente";"Atropelamento de animal";0;0;0;0;0;0;0;0;0;1;2;0;0;0;0
"07/02/2025";"10:13:00";"206";"Sem vítima";"637,940";"BR-365/MG";"Crescente";"Colisão lateral no mesmo sentido";0;0;1;0;0;1;0;0;0;0;2;0;0;0;0
"08/02/2025";"17:02:00";"262";"Com vítima";"174,150";"BR-364/GO";"Crescente";"Choque";0;0;0;1;0;0;0;0;0;0;0;1;0;0;0
"09/02/2025";"16:44:00";"197";"Com vítima";"19,900";"BR-364/GO";"Crescente";"Capotamento";1;0;0;0;0;0;0;0;0;0;0;0;0;1;0
"10/02/2025";"11:15:00";"196";"Sem vítima";"626,000";"BR-365/MG";"Crescente";"Queda de moto";0;0;0;1;0;0;0;0;0;0;2;0;0;0;0
"10/02/2025";"17:46:00";"294";"Sem vítima";"749,000";"BR-365/MG";"Decrescente";"Colisão traseira";2;0;0;0;0;0;0;0;0;0;2;0;0;0;0
"11/02/2025";"07:41:00";"125";"Com vítima";"687,070";"BR-365/MG";"Crescente";"Colisão lateral no mesmo sentido";1;0;0;0;0;1;0;0;0;0;1;1;0;0;0
"11/02/2025";"15:27:00";"296";"Sem vítima";"698,000";"BR-365/MG";"Decrescente";"Choque";0;0;0;0;0;0;0;0;0;1;1;0;0;0;0
"11/02/2025";"20:15:00";"390";"Sem vítima";"837,300";"BR-365/MG";"Crescente";"Atropelamento de animal";0;0;0;0;0;0;0;0;0;1;2;0;0;0;0
"12/02/2025";"01:05:00";"10";"Sem vítima";"147,500";"BR-364/GO";"Crescente";"Choque";0;0;0;0;0;1;0;0;0;0;1;0;0;0;0
"13/02/2025";"06:02:00";"28";"Com vítima";"735,700";"BR-365/MG";"Crescente";"Colisão traseira";1;0;1;0;0;0;0;0;0;0;1;0;1;0;0
"15/02/2025";"05:15:00";"32";"Sem vítima";"70,150";"BR-364/GO";"Crescente";"Choque";0;0;0;0;0;1;0;0;0;0;1;0;0;0;0
"15/02/2025";"11:28:00";"180";"Com vítima";"824,500";"BR-365/MG";"Decrescente";"Colisão transversal";0;0;0;0;0;0;0;0;0;2;0;2;0;0;0
"16/02/2025";"19:57:00";"258";"Sem vítima";"666,000";"BR-365/MG";"Decrescente";"Atropelamento de animal";0;0;0;0;0;1;0;0;0;0;2;0;0;0;0
"16/02/2025";"22:27:00";"294";"Sem vítima";"189,000";"BR-364/GO";"Crescente";"Colisão traseira";0;0;0;0;0;3;0;0;0;0;3;0;0;0;0
"17/02/2025";"06:47:00";"47";"Com vítima";"626,500";"BR-365/MG";"Crescente";"Queda de moto";0;0;0;1;0;1;0;0;0;0;1;1;0;0;0
"17/02/2025";"15:06:00";"266";"Sem vítima";"164,000";"BR-364/GO";"Decrescente";"Choque";1;0;0;0;0;0;0;0;0;0;1;0;0;0;0
"18/02/2025";"15:14:00";"300";"Sem vítima";"68,240";"BR-364/GO";"Decrescente";"Choque";0;0;0;0;0;1;0;0;0;0;1;0;0;0;0
"19/02/2025";"01:27:00";"17";"Sem vítima";"72,400";"BR-364/GO";"Crescente";"Atropelamento de animal";1;0;0;0;0;0;0;0;0;0;1;0;0;0;0
"20/02/2025";"06:54:00";"64";"Sem vítima";"22,200";"BR-364/GO";"Crescente";"Choque";1;0;0;0;0;0;0;0;0;0;3;0;0;0;0
"22/02/2025";"02:09:00";"8";"Sem vítima";"55,770";"BR-364/GO";"Decrescente";"Choque";1;0;0;0;0;0;0;0;0;0;1;0;0;0;0
"23/02/2025";"11:31:00";"119";"Com vítima";"62,400";"BR-364/GO";"Crescente";"Queda de moto";0;0;0;1;0;0;0;0;0;0;0;1;0;0;0
"23/02/2025";"16:42:00";"204";"Sem vítima";"843,500";"BR-365/MG";"Crescente";"Choque";1;0;0;0;0;0;0;0;0;0;1;0;0;0;0
"24/02/2025";"00:34:00";"5";"Sem vítima";"810,000";"BR-365/MG";"Decrescente";"Capotamento";1;0;0;0;0;0;0;0;0;0;1;0;0;0;0
"24/02/2025";"16:03:00";"278";"Com vítima";"794,000";"BR-365/MG";"Crescente";"Tombamento";0;0;1;0;0;0;0;0;0;0;0;1;0;0;0
"24/02/2025";"16:34:00";"283";"Sem vítima";"680,960";"BR-365/MG";"Decrescente";"Capotamento";1;0;0;0;0;0;0;0;0;0;1;0;0;0;0
"24/02/2025";"20:40:00";"340";"Sem vítima";"816,940";"BR-365/MG";"Decrescente";"Choque";1;0;0;0;0;0;0;0;0;0;2;0;0;0;0
"25/02/2025";"18:51:00";"305";"Com vítima";"701,520";"BR-365/MG";"Crescente";"Choque";0;0;0;0;0;0;0;0;0;1;0;1;0;0;0
"25/02/2025";"20:22:00";"328";"Sem vítima";"31,800";"BR-364/GO";"Crescente";"Atropelamento de animal";1;0;0;0;0;0;0;0;0;0;1;0;0;0;0
"27/02/2025";"07:36:00";"73";"Com vítima";"7,500";"BR-364/GO";"Decrescente";"Colisão lateral em sentido contrário";2;0;0;0;0;0;0;0;0;0;1;0;1;0;0
"27/02/2025";"12:03:00";"223";"Sem vítima";"631,000";"BR-365/MG";"Decrescente";"Choque";0;0;0;0;0;0;0;0;0;1;1;0;0;0;0
"27/02/2025";"15:28:00";"282";"Com vítima";"737,100";"BR-365/MG";"Crescente";"Engavetamento";1;0;0;0;0;1;0;0;0;1;3;1;0;0;0
"27/02/2025";"16:25:00";"296";"Sem vítima";"688,450";"BR-365/MG";"Crescente";"Colisão traseira";1;0;0;0;0;0;0;0;0;1;2;0;0;0;0
"28/02/2025";"00:30:00";"5";"Sem vítima";"676,500";"BR-365/MG";"Crescente";"Colisão lateral no mesmo sentido";1;0;0;0;0;1;0;0;0;0;2;0;0;0;0
"28/02/2025";"11:51:00";"227";"Sem vítima";"112,022";"BR-364/GO";"Crescente";"Colisão traseira";0;0;1;0;0;1;0;0;0;0;2;0;0;0;0
"28/02/2025";"12:56:00";"247";"Sem vítima";"49,750";"BR-364/GO";"Crescente";"Choque";1;0;0;0;0;0;0;0;0;0;1;0;0;0;0
"28/02/2025";"23:55:00";"432";"Com vítima";"638,760";"BR-365/MG";"Crescente";"Engavetamento";2;0;0;0;0;0;0;0;0;1;2;2;0;0;0
"01/03/2025";"14:37:00";"235";"Sem vítima";"32,500";"BR-364/GO";"Decrescente";"Colisão traseira";0;0;0;0;0;2;0;0;0;0;2;0;0;0;0
"01/03/2025";"16:33:00";"268";"Sem vítima";"20,850";"BR-364/GO";"Decrescente";"Choque";0;0;0;0;0;1;0;0;0;1;1;0;0;0;0
"02/03/2025";"05:42:00";"29";"Com vítima";"68,340";"BR-364/GO";"Decrescente";"Queda de moto";0;0;0;1;0;0;0;0;0;0;0;1;0;0;0
"02/03/2025";"09:32:00";"94";"Com vítima";"655,000";"BR-365/MG";"Decrescente";"Capotamento";0;0;0;0;0;0;0;0;0;1;0;1;0;0;0
"02/03/2025";"19:15:00";"260";"Sem vítima";"702,400";"BR-365/MG";"Crescente";"Choque";1;0;0;0;0;0;0;0;0;0;5;0;0;0;0
"03/03/2025";"06:09:00";"23";"Com vítima";"146,000";"BR-364/GO";"Decrescente";"Atropelamento de animal";0;0;0;0;0;0;0;0;0;1;1;1;0;0;0
"03/03/2025";"06:21:00";"26";"Sem vítima";"627,460";"BR-365/MG";"Decrescente";"Choque";1;0;0;0;0;0;0;0;0;0;4;0;0;0;0
"04/03/2025";"07:01:00";"60";"Com vítima";"770,050";"BR-365/MG";"Decrescente";"Capotamento";1;0;0;0;0;0;0;0;0;0;0;3;0;1;0
"04/03/2025";"16:42:00";"291";"Com vítima";"682,800";"BR-365/MG";"Crescente";"Colisão traseira";0;0;1;0;0;1;0;0;0;0;2;2;1;0;0
"05/03/2025";"00:32:00";"7";"Com vítima";"160,200";"BR-364/GO";"Crescente";"Colisão frontal";1;0;0;0;0;0;0;0;0;1;0;1;1;0;0
"05/03/2025";"00:59:00";"9";"Com vítima";"804,530";"BR-365/MG";"Decrescente";"Capotamento";1;0;0;0;0;0;0;0;0;0;1;1;0;0;0
"05/03/2025";"01:36:00";"18";"Sem vítima";"648,529";"BR-365/MG";"Crescente";"Atropelamento de animal";0;0;0;0;0;0;0;0;0;1;1;0;0;0;0
"06/03/2025";"10:30:00";"179";"Com vítima";"649,000";"BR-365/MG";"Crescente";"Colisão lateral no mesmo sentido";0;0;0;0;0;1;0;0;0;1;1;1;0;0;0
"06/03/2025";"14:33:00";"242";"Sem vítima";"649,870";"BR-365/MG";"Crescente";"Tombamento";0;0;0;0;0;1;0;0;0;0;1;0;0;0;0
"07/03/2025";"07:48:00";"100";"Sem vítima";"686,270";"BR-365/MG";"Decrescente";"Choque";0;0;0;0;0;1;0;0;0;0;1;0;0;0;0
"07/03/2025";"16:06:00";"263";"Com vítima";"641,000";"BR-365/MG";"Crescente";"Queda de moto";0;0;0;1;0;0;0;0;0;0;1;1;0;0;0
"07/03/2025";"21:25:00";"358";"Sem vítima";"41,050";"BR-364/GO";"Decrescente";"Atropelamento de animal";0;0;0;0;0;0;0;0;0;1;2;0;0;0;0
"08/03/2025";"05:40:00";"36";"Sem vítima";"65,860";"BR-364/GO";"Crescente";"Atropelamento de animal";1;0;0;0;0;0;0;0;0;0;1;0;0;0;0
"08/03/2025";"16:01:00";"201";"Com vítima";"662,500";"BR-365/MG";"Decrescente";"Tombamento";0;0;1;0;0;0;0;0;0;0;0;0;1;0;0
"09/03/2025";"15:09:00";"129";"Sem vítima";"687,180";"BR-365/MG";"Decrescente";"Colisão lateral no mesmo sentido";1;0;0;0;0;1;0;0;0;0;3;0;0;0;0
"10/03/2025";"10:01:00";"172";"Sem vítima";"757,000";"BR-365/MG";"Crescente";"Atropelamento de animal";1;0;0;0;0;0;0;0;0;0;1;0;0;0;0
"10/03/2025";"14:42:00";"252";"Sem vítima";"664,000";"BR-365/MG";"Crescente";"Colisão lateral no mesmo sentido";0;0;0;0;0;1;0;0;0;1;5;0;0;0;0
"10/03/2025";"16:15:00";"273";"Com vítima";"814,300";"BR-365/MG";"Crescente";"Choque";1;0;0;0;0;0;0;0;0;0;0;1;0;0;0
"10/03/2025";"16:41:00";"284";"Sem vítima";"654,000";"BR-365/MG";"Decrescente";"Choque";0;0;0;0;0;0;0;0;0;1;1;0;0;0;0
"10/03/2025";"22:56:00";"388";"Com vítima";"713,500";"BR-365/MG";"Decrescente";"Choque";0;0;1;0;0;0;0;0;0;0;0;0;0;1;0
"11/03/2025";"20:09:00";"347";"Sem vítima";"686,360";"BR-365/MG";"Decrescente";"Choque";1;0;0;0;0;0;0;0;0;0;1;0;0;0;0
"12/03/2025";"11:11:00";"192";"Com vítima";"119,370";"BR-364/GO";"Decrescente";"Capotamento";0;0;0;0;0;0;0;0;0;1;0;1;0;0;0
"12/03/2025";"22:06:00";"378";"Com vítima";"828,559";"BR-365/MG";"Crescente";"Atropelamento de animal";0;0;0;1;0;0;0;0;0;0;0;0;1;0;0
"13/03/2025";"00:47:00";"9";"Sem vítima";"704,500";"BR-365/MG";"Decrescente";"Choque";1;0;0;0;0;0;0;0;0;0;1;0;0;0;0
"13/03/2025";"07:17:00";"65";"Sem vítima";"645,500";"BR-365/MG";"Crescente";"Queda de moto";0;0;0;1;0;0;0;0;0;0;1;0;0;0;0
"13/03/2025";"17:50:00";"331";"Sem vítima";"765,500";"BR-365/MG";"Decrescente";"Colisão traseira";0;0;0;0;0;1;0;0;0;0;2;0;0;0;0
"15/03/2025";"17:26:00";"267";"Com vítima";"755,130";"BR-365/MG";"Decrescente";"Colisão lateral no mesmo sentido";0;0;0;1;0;0;0;0;0;1;4;1;0;0;0
"16/03/2025";"02:18:00";"27";"Sem vítima";"185,090";"BR-364/GO";"Crescente";"Atropelamento de animal";0;0;1;0;0;0;0;0;0;0;2;0;0;0;0
"16/03/2025";"07:27:00";"72";"Com vítima";"861,000";"BR-365/MG";"Decrescente";"Choque";0;1;0;0;0;1;0;0;0;0;1;0;1;0;0
"16/03/2025";"09:48:00";"131";"Com vítima";"122,200";"BR-364/GO";"Decrescente";"Capotamento";1;0;0;0;0;0;0;0;0;0;0;1;0;0;0
"16/03/2025";"17:54:00";"263";"Com vítima";"180,000";"BR-364/GO";"Decrescente";"Queda de moto";0;0;0;1;0;0;0;0;0;0;1;0;1;0;0
"17/03/2025";"06:40:00";"32";"Sem vítima";"173,450";"BR-364/GO";"Crescente";"Choque";0;0;0;0;0;0;0;0;0;1;2;0;0;0;0
"17/03/2025";"06:46:00";"34";"Sem vítima";"692,660";"BR-365/MG";"Crescente";"Choque";1;0;0;0;0;0;0;0;0;0;1;0;0;0;0
"17/03/2025";"08:49:00";"111";"Sem vítima";"636,540";"BR-365/MG";"Crescente";"Capotamento";0;0;0;0;0;0;0;0;0;1;1;0;0;0;0
"17/03/2025";"18:23:00";"339";"Sem vítima";"61,800";"BR-364/GO";"Crescente";"Colisão lateral no mesmo sentido";2;0;0;0;0;0;0;0;0;0;3;0;0;0;0
"18/03/2025";"00:43:00";"10";"Com vítima";"135,600";"BR-364/GO";"Decrescente";"Colisão traseira";0;0;1;0;0;1;0;0;0;0;1;0;1;0;0
"18/03/2025";"18:38:00";"325";"Sem vítima";"652,000";"BR-365/MG";"Decrescente";"Choque";1;0;0;0;0;0;0;0;0;0;2;0;0;0;0
"19/03/2025";"13:21:00";"247";"Sem vítima";"173,000";"BR-364/GO";"Decrescente";"Tombamento";0;0;1;0;0;0;0;0;0;0;1;0;0;0;0
"19/03/2025";"19:43:00";"358";"Sem vítima";"663,870";"BR-365/MG";"Crescente";"Choque";1;0;0;0;0;0;0;0;0;0;1;0;0;0;0
"20/03/2025";"05:07:00";"30";"Com vítima";"750,300";"BR-365/MG";"Decrescente";"Queda de moto";0;0;0;1;0;0;0;0;0;0;0;0;1;0;0
"20/03/2025";"15:32:00";"269";"Sem vítima";"142,150";"BR-364/GO";"Decrescente";"Choque";0;0;0;0;0;0;0;0;0;1;4;0;0;0;0
"21/03/2025";"17:41:00";"356";"Sem vítima";"93,120";"BR-364/GO";"Crescente";"Choque";0;0;0;0;0;1;0;0;0;1;2;0;0;0;0
"21/03/2025";"18:30:00";"379";"Sem vítima";"814,000";"BR-365/MG";"Crescente";"Choque";0;0;0;0;0;1;0;0;0;1;2;0;0;0;0
"21/03/2025";"19:11:00";"397";"Sem vítima";"100,000";"BR-364/GO";"Crescente";"Colisão traseira";1;0;1;0;0;0;0;0;0;0;4;0;0;0;0
"22/03/2025";"02:50:00";"16";"Com vítima";"626,500";"BR-365/MG";"Decrescente";"Colisão transversal";0;0;0;1;0;1;0;0;0;0;1;0;0;1;0
"22/03/2025";"13:13:00";"203";"Sem vítima";"669,440";"BR-365/MG";"Decrescente";"Tombamento";0;0;1;0;0;0;0;0;0;0;1;0;0;0;0
"23/03/2025";"19:20:00";"258";"Sem vítima";"742,000";"BR-365/MG";"Crescente";"Colisão lateral em sentido contrário";1;0;0;0;0;1;0;0;0;0;4;0;0;0;0
"23/03/2025";"22:36:00";"300";"Sem vítima";"653,460";"BR-365/MG";"Decrescente";"Tombamento";0;0;0;0;0;1;0;0;0;0;1;0;0;0;0
"24/03/2025";"22:34:00";"332";"Sem vítima";"671,460";"BR-365/MG";"Crescente";"Atropelamento de animal";0;0;0;0;0;0;0;0;0;1;2;0;0;0;0
"24/03/2025";"23:45:00";"343";"Sem vítima";"756,400";"BR-365/MG";"Decrescente";"Choque";1;0;0;0;0;0;0;0;0;0;1;0;0;0;0
"25/03/2025";"09:36:00";"168";"Sem vítima";"627,100";"BR-365/MG";"Crescente";"Colisão lateral no mesmo sentido";0;0;1;0;0;1;0;0;0;0;3;0;0;0;0
"26/03/2025";"02:25:00";"9";"Sem vítima";"831,100";"BR-365/MG";"Decrescente";"Tombamento";0;0;1;0;0;0;0;0;0;0;1;0;0;0;0
"26/03/2025";"16:42:00";"261";"Sem vítima";"632,000";"BR-365/MG";"Decrescente";"Colisão traseira";0;0;1;0;0;0;0;0;0;1;2;0;0;0;0
"26/03/2025";"22:06:00";"341";"Com vítima";"87,950";"BR-364/GO";"Crescente";"Atropelamento de animal";0;0;0;0;0;0;0;0;0;1;0;2;0;0;0
"27/03/2025";"09:18:00";"145";"Sem vítima";"628,000";"BR-365/MG";"Decrescente";"Choque";0;0;0;0;0;0;0;0;0;1;1;0;0;0;0
"27/03/2025";"12:45:00";"210";"Com vítima";"178,000";"BR-364/GO";"Crescente";"Choque";0;0;0;0;0;0;0;0;0;1;0;1;0;0;0
"27/03/2025";"20:46:00";"357";"Com vítima";"793,000";"BR-365/MG";"Crescente";"Engavetamento";1;0;0;0;0;1;0;0;0;2;3;0;1;0;0
"28/03/2025";"16:57:00";"315";"Sem vítima";"706,600";"BR-365/MG";"Decrescente";"Choque";1;0;0;0;0;0;0;0;0;0;1;0;0;0;0
"28/03/2025";"20:19:00";"376";"Sem vítima";"649,540";"BR-365/MG";"Decrescente";"Colisão lateral no mesmo sentido";1;0;1;0;0;0;0;0;0;0;2;0;0;0;0
"28/03/2025";"23:32:00";"408";"Com vítima";"629,000";"BR-365/MG";"Decrescente";"Colisão traseira";2;0;0;0;0;0;0;0;0;0;2;1;0;0;0
"29/03/2025";"22:45:00";"339";"Com vítima";"751,300";"BR-365/MG";"Decrescente";"Capotamento";1;0;0;0;0;0;0;0;0;0;0;1;0;0;0
"31/03/2025";"04:01:00";"20";"Sem vítima";"162,790";"BR-364/GO";"Crescente";"Choque";0;0;0;0;0;1;0;0;0;0;1;0;0;0;0
"31/03/2025";"18:55:00";"338";"Com vítima";"794,800";"BR-365/MG";"Decrescente";"Choque";1;0;0;0;0;0;0;0;0;0;0;1;0;0;0
"31/03/2025";"20:25:00";"362";"Sem vítima";"860,900";"BR-365/MG";"Crescente";"Atropelamento de animal";0;0;0;0;0;0;0;0;0;1;1;0;0;0;0
"01/04/2025";"05:07:00";"26";"Com vítima";"666,700";"BR-365/MG";"Decrescente";"Colisão traseira";0;0;0;0;0;1;0;0;0;1;1;1;1;1;0
"01/04/2025";"23:23:00";"363";"Com vítima";"636,450";"BR-365/MG";"Decrescente";"Colisão traseira";0;0;1;0;0;1;0;0;0;0;1;0;0;0;1
"04/04/2025";"06:37:00";"37";"Com vítima";"752,500";"BR-365/MG";"Crescente";"Atropelamento de animal";0;0;0;1;0;0;0;0;0;0;0;0;1;0;0
"04/04/2025";"12:10:00";"217";"Sem vítima";"704,500";"BR-365/MG";"Decrescente";"Choque";1;0;0;0;0;0;0;0;0;0;3;0;0;0;0
"04/04/2025";"16:11:00";"275";"Sem vítima";"631,300";"BR-365/MG";"Crescente";"Colisão traseira";1;0;0;0;0;0;0;0;0;1;4;0;0;0;0
"04/04/2025";"18:59:00";"328";"Sem vítima";"704,350";"BR-365/MG";"Decrescente";"Colisão traseira";0;0;1;0;0;1;0;0;0;0;2;0;0;0;0
"06/04/2025";"02:15:00";"11";"Sem vítima";"114,790";"BR-364/GO";"Decrescente";"Choque";0;0;0;0;0;0;0;0;0;1;1;0;0;0;0
"06/04/2025";"08:31:00";"60";"Sem vítima";"704,000";"BR-365/MG";"Crescente";"Choque";0;0;0;0;0;1;0;0;0;0;1;0;0;0;0
"06/04/2025";"16:03:00";"144";"Sem vítima";"5,900";"BR-364/GO";"Decrescente";"Choque";1;0;0;0;0;0;0;0;0;0;1;0;0;0;0
"06/04/2025";"17:30:00";"171";"Com vítima";"627,000";"BR-365/MG";"Decrescente";"Capotamento";1;0;0;0;0;0;0;0;0;0;1;1;0;0;0
"06/04/2025";"17:30:00";"172";"Sem vítima";"654,470";"BR-365/MG";"Crescente";"Choque";1;0;0;0;0;0;0;0;0;0;2;0;0;0;0
"07/04/2025";"16:33:00";"255";"Sem vítima";"835,950";"BR-365/MG";"Decrescente";"Colisão traseira";1;0;0;0;0;0;0;0;0;1;6;0;0;0;0
"08/04/2025";"12:42:00";"204";"Com vítima";"713,490";"BR-365/MG";"Decrescente";"Colisão traseira";2;0;0;0;0;0;0;0;0;0;4;0;1;0;0
"08/04/2025";"17:09:00";"284";"Com vítima";"710,680";"BR-365/MG";"Decrescente";"Colisão lateral em sentido contrário";1;0;0;0;0;1;0;0;0;0;1;1;0;0;0
"08/04/2025";"22:34:00";"352";"Sem vítima";"629,000";"BR-365/MG";"Crescente";"Queda de moto";0;0;0;1;0;0;0;0;0;0;1;0;0;0;0
"09/04/2025";"00:58:00";"5";"Sem vítima";"38,100";"BR-364/GO";"Decrescente";"Atropelamento de animal";0;0;0;0;1;0;0;0;0;0;32;0;0;0;0
"09/04/2025";"13:17:00";"236";"Com vítima";"756,000";"BR-365/MG";"Decrescente";"Choque";0;0;0;0;0;0;0;0;0;1;0;1;0;0;0
"09/04/2025";"17:04:00";"295";"Sem vítima";"816,000";"BR-365/MG";"Decrescente";"Colisão traseira";1;0;0;0;0;1;0;0;0;0;3;0;0;0;0
"09/04/2025";"17:37:00";"305";"Sem vítima";"830,000";"BR-365/MG";"Crescente";"Colisão lateral em sentido contrário";0;0;0;0;0;2;0;0;0;0;2;0;0;0;0
"10/04/2025";"06:43:00";"31";"Sem vítima";"751,000";"BR-365/MG";"Crescente";"Choque";1;0;0;0;0;0;0;0;0;0;1;0;0;0;0
"10/04/2025";"17:20:00";"268";"Sem vítima";"796,529";"BR-365/MG";"Decrescente";"Choque";0;0;1;0;0;0;0;0;0;1;2;0;0;0;0
"10/04/2025";"21:51:00";"344";"Sem vítima";"636,520";"BR-365/MG";"Decrescente";"Colisão traseira";1;0;0;0;0;1;0;0;0;0;2;0;0;0;0
"11/04/2025";"10:11:00";"174";"Com vítima";"626,000";"BR-365/MG";"Decrescente";"Queda de moto";0;0;0;1;0;0;0;0;0;0;0;0;0;1;0
"11/04/2025";"17:37:00";"322";"Com vítima";"773,420";"BR-365/MG";"Decrescente";"Capotamento";1;0;0;0;0;0;0;0;0;0;2;3;0;0;0
"12/04/2025";"07:15:00";"73";"Com vítima";"840,000";"BR-365/MG";"Crescente";"Colisão lateral em sentido contrário";0;0;1;0;0;1;0;0;0;0;1;1;0;0;0
"12/04/2025";"19:05:00";"297";"Sem vítima";"788,780";"BR-365/MG";"Crescente";"Atropelamento de animal";1;0;0;0;0;0;0;0;0;0;2;0;0;0;0
"12/04/2025";"20:19:00";"309";"Sem vítima";"176,140";"BR-364/GO";"Crescente";"Choque";0;0;0;0;0;0;0;0;0;1;2;0;0;0;0
"13/04/2025";"05:33:00";"37";"Sem vítima";"27,000";"BR-364/GO";"Decrescente";"Colisão traseira";2;0;0;0;0;0;0;0;0;0;2;0;0;0;0
"13/04/2025";"14:50:00";"157";"Com vítima";"692,330";"BR-365/MG";"Crescente";"Choque";1;0;0;0;0;1;0;0;0;0;1;0;0;0;5
"14/04/2025";"07:28:00";"48";"Sem vítima";"794,370";"BR-365/MG";"Decrescente";"Colisão lateral no mesmo sentido";0;0;1;0;0;1;0;0;0;0;2;0;0;0;0
"16/04/2025";"15:47:00";"264";"Sem vítima";"704,350";"BR-365/MG";"Decrescente";"Colisão traseira";1;0;0;0;0;1;0;0;0;0;2;0;0;0;0
"16/04/2025";"18:56:00";"311";"Com vítima";"813,800";"BR-365/MG";"Decrescente";"Colisão traseira";1;0;0;0;0;0;0;0;0;1;2;1;0;0;0
"18/04/2025";"16:12:00";"217";"Sem vítima";"788,500";"BR-365/MG";"Decrescente";"Choque";0;0;0;0;0;0;0;0;0;1;2;0;0;0;0
"19/04/2025";"13:36:00";"149";"Sem vítima";"730,000";"BR-365/MG";"Decrescente";"Colisão traseira";1;0;0;0;0;0;0;0;0;1;4;0;0;0;0
"19/04/2025";"13:40:00";"151";"Sem vítima";"683,000";"BR-365/MG";"Crescente";"Capotamento";1;0;0;0;0;0;0;0;0;0;4;0;0;0;0
"19/04/2025";"20:45:00";"238";"Sem vítima";"636,000";"BR-365/MG";"Decrescente";"Choque";1;0;0;0;0;0;0;0;0;0;4;0;0;0;0
"20/04/2025";"12:46:00";"87";"Sem vítima";"749,160";"BR-365/MG";"Crescente";"Colisão lateral no mesmo sentido";1;0;0;0;0;1;0;0;0;0;4;0;0;0;0