data;horario;n_da_ocorrencia;tipo_de_ocorrencia;km;trecho;sentido;tipo_de_acidente;automovel;bicicleta;caminhao;moto;onibus;outros;tracao_animal;transporte_de_cargas_especiais;trator_maquinas;utilitarios;ilesos;levemente_feridos;moderadamente_feridos;gravemente_feridos;mortos
"22/04/2025";"04:13:00";"18";"Sem vítima";"68,000";"BR-364/GO";"Decrescente";"Choque";1;0;0;0;0;0;0;0;0;0;1;0;0;0;0
"22/04/2025";"05:16:00";"25";"Com vítima";"684,000";"BR-365/MG";"Decrescente";"Colisão traseira";1;0;0;0;0;2;0;0;0;1;3;1;0;0;0
"22/04/2025";"06:49:00";"40";"Sem vítima";"684,000";"BR-365/MG";"Decrescente";"Colisão traseira";0;0;0;0;0;1;0;0;0;0;2;0;0;0;0
"22/04/2025";"07:37:00";"72";"Sem vítima";"755,600";"BR-365/MG";"Decrescente";"Colisão traseira";2;0;0;0;0;0;0;0;0;0;7;0;0;0;0
"22/04/2025";"16:56:00";"262";"Sem vítima";"636,100";"BR-365/MG";"Decrescente";"Choque";0;0;1;0;0;0;0;0;0;0;2;0;0;0;0
"23/04/2025";"18:35:00";"320";"Sem vítima";"20,700";"BR-364/GO";"Crescente";"Atropelamento de animal";0;0;0;0;0;1;0;0;0;0;2;0;0;0;0
"25/04/2025";"07:50:00";"69";"Com vítima";"639,500";"BR-365/MG";"Crescente";"Colisão traseira";1;0;0;0;0;1;0;0;0;0;2;1;0;0;0
"25/04/2025";"20:28:00";"311";"Sem vítima";"725,000";"BR-365/MG";"Decrescente";"Choque";1;0;0;0;0;0;0;0;0;0;5;0;0;0;0
"26/04/2025";"05:04:00";"23";"Sem vítima";"27,640";"BR-364/GO";"Decrescente";"Colisão lateral no mesmo sentido";0;0;1;0;0;2;0;0;0;0;3;0;0;0;0
"27/04/2025";"03:01:00";"19";"Sem vítima";"630,279";"BR-365/MG";"Decrescente";"Choque";1;0;0;0;0;0;0;0;0;0;1;0;0;0;0
"27/04/2025";"04:38:00";"27";"Sem vítima";"43,000";"BR-364/GO";"Decrescente";"Capotamento";0;0;0;0;0;0;0;0;0;1;1;0;0;0;0
"27/04/2025";"18:19:00";"219";"Sem vítima";"700,000";"BR-365/MG";"Crescente";"Choque";0;0;0;0;0;0;0;0;0;1;2;0;0;0;0
"27/04/2025";"18:39:00";"222";"Sem vítima";"700,000";"BR-365/MG";"Crescente";"Colisão traseira";2;0;0;0;0;0;0;0;0;0;9;0;0;0;0
"29/04/2025";"12:58:00";"199";"Com vítima";"47,100";"BR-364/GO";"Decrescente";"Choque";0;0;0;0;0;0;0;0;0;1;0;2;0;0;0
"29/04/2025";"16:35:00";"281";"Com vítima";"135,370";"BR-364/GO";"Crescente";"Tombamento";0;0;0;0;0;1;0;0;0;0;0;0;1;0;0
"29/04/2025";"16:37:00";"282";"Sem vítima";"0,339";"BR-364/GO";"Decrescente";"Tombamento";0;0;0;0;0;1;0;0;0;0;1;0;0;0;0
"01/05/2025";"18:50:00";"278";"Sem vítima";"751,000";"BR-365/MG";"Crescente";"Choque";0;0;0;1;0;0;0;0;0;0;1;0;0;0;0
"02/05/2025";"23:54:00";"360";"Sem vítima";"41,850";"BR-364/GO";"Crescente";"Colisão lateral em sentido contrário";0;0;0;0;0;2;0;0;0;0;3;0;0;0;0
"04/05/2025";"03:51:00";"9";"Com vítima";"646,620";"BR-365/MG";"Decrescente";"Colisão traseira";2;0;0;0;0;0;0;0;0;0;5;2;0;0;0
"06/05/2025";"02:23:00";"15";"Sem vítima";"803,420";"BR-365/MG";"Crescente";"Atropelamento de animal";1;0;0;0;0;0;0;0;0;0;2;0;0;0;0
"06/05/2025";"11:26:00";"187";"Sem vítima";"631,000";"BR-365/MG";"Decrescente";"Choque";0;0;0;0;0;0;0;0;0;1;1;0;0;0;0
"07/05/2025";"02:10:00";"17";"Sem vítima";"14,980";"BR-364/GO";"Decrescente";"Capotamento";1;0;0;0;0;0;0;0;0;0;1;0;0;0;0
"07/05/2025";"18:24:00";"286";"Sem vítima";"749,057";"BR-365/MG";"Decrescente";"Colisão traseira";1;0;0;0;0;1;0;0;0;0;2;0;0;0;0
"08/05/2025";"07:16:00";"82";"Sem vítima";"681,800";"BR-365/MG";"Crescente";"Choque";0;0;0;0;0;1;0;0;0;0;2;0;0;0;0
"08/05/2025";"12:28:00";"206";"Sem vítima";"657,000";"BR-365/MG";"Crescente";"Choque";0;0;0;0;0;1;0;0;0;0;1;0;0;0;0
"08/05/2025";"19:23:00";"307";"Sem vítima";"656,000";"BR-365/MG";"Crescente";"Colisão traseira";1;0;0;0;0;1;0;0;0;0;4;0;0;0;0
"08/05/2025";"20:50:00";"326";"Sem vítima";"745,500";"BR-365/MG";"Crescente";"Atropelamento de animal";1;0;0;0;0;0;0;0;0;0;3;0;0;0;0
"09/05/2025";"01:37:00";"13";"Sem vítima";"848,000";"BR-365/MG";"Decrescente";"Atropelamento de animal";1;0;0;0;0;0;0;0;0;0;1;0;0;0;0
"10/05/2025";"12:25:00";"148";"Sem vítima";"629,000";"BR-365/MG";"Crescente";"Colisão lateral no mesmo sentido";1;0;0;0;0;1;0;0;0;0;3;0;0;0;0
"10/05/2025";"14:47:00";"184";"Sem vítima";"671,300";"BR-365/MG";"Crescente";"Choque";1;0;0;0;0;0;0;0;0;0;1;0;0;0;0
"10/05/2025";"23:00:00";"324";"Sem vítima";"158,000";"BR-364/GO";"Decrescente";"Colisão traseira";2;0;0;0;0;0;0;0;0;0;8;0;0;0;0
"11/05/2025";"08:14:00";"65";"Com vítima";"649,600";"BR-365/MG";"Decrescente";"Colisão traseira";0;0;1;0;0;1;0;0;0;0;1;0;0;0;1
"11/05/2025";"12:50:00";"128";"Com vítima";"184,000";"BR-364/GO";"Decrescente";"Queda de moto";0;0;0;1;0;0;0;0;0;0;0;2;0;0;0
"11/05/2025";"15:45:00";"170";"Sem vítima";"644,150";"BR-365/MG";"Decrescente";"Choque";1;0;0;0;0;0;0;0;0;0;1;0;0;0;0
"11/05/2025";"18:51:00";"214";"Sem vítima";"162,028";"BR-364/GO";"Decrescente";"Atropelamento de animal";1;0;0;0;0;0;0;0;0;0;5;0;0;0;0
"12/05/2025";"16:03:00";"256";"Sem vítima";"793,350";"BR-365/MG";"Decrescente";"Queda de bicicleta";0;1;0;0;0;0;0;0;0;0;1;0;0;0;0
"13/05/2025";"17:24:00";"326";"Sem vítima";"749,040";"BR-365/MG";"Crescente";"Colisão traseira";0;0;1;0;0;0;0;0;0;1;2;0;0;0;0
"14/05/2025";"04:53:00";"29";"Sem vítima";"862,000";"BR-365/MG";"Crescente";"Atropelamento de animal";1;0;0;0;0;0;0;0;0;0;4;0;0;0;0
"14/05/2025";"07:09:00";"72";"Sem vítima";"705,600";"BR-365/MG";"Crescente";"Choque";0;0;0;0;0;1;0;0;0;0;1;0;0;0;0
"14/05/2025";"17:29:00";"297";"Com vítima";"635,540";"BR-365/MG";"Crescente";"Colisão traseira";1;0;0;1;0;1;0;0;0;0;3;1;0;0;0
"16/05/2025";"01:21:00";"13";"Sem vítima";"757,000";"BR-365/MG";"Crescente";"Choque";0;0;0;0;0;1;0;0;0;0;1;0;0;0;0
"16/05/2025";"10:39:00";"170";"Sem vítima";"108,000";"BR-364/GO";"Decrescente";"Capotamento";0;0;0;0;0;0;0;0;0;1;1;0;0;0;0
"16/05/2025";"19:49:00";"302";"Sem vítima";"768,300";"BR-365/MG";"Crescente";"Atropelamento de animal";1;0;0;0;0;0;0;0;0;0;2;0;0;0;0
"17/05/2025";"02:29:00";"11";"Com vítima";"848,000";"BR-365/MG";"Decrescente";"Choque";1;0;0;0;0;0;0;0;0;0;0;3;0;2;0
"17/05/2025";"21:10:00";"305";"Com vítima";"646,000";"BR-365/MG";"Decrescente";"Queda de moto";0;0;0;1;0;0;0;0;0;0;1;1;0;0;0
"18/05/2025";"04:41:00";"21";"Com vítima";"8,000";"BR-364/GO";"Crescente";"Capotamento";1;0;0;0;0;0;0;0;0;0;0;0;0;1;0
"18/05/2025";"12:47:00";"116";"Sem vítima";"765,980";"BR-365/MG";"Decrescente";"Colisão traseira";1;0;0;0;0;0;0;0;0;1;2;0;0;0;0
"19/05/2025";"04:47:00";"19";"Sem vítima";"659,010";"BR-365/MG";"Decrescente";"Colisão traseira";0;0;1;0;0;1;0;0;0;0;2;0;0;0;0
"19/05/2025";"14:24:00";"232";"Sem vítima";"88,700";"BR-364/GO";"Decrescente";"Tombamento";0;0;0;0;0;1;0;0;0;0;1;0;0;0;0
"19/05/2025";"20:14:00";"316";"Sem vítima";"757,099";"BR-365/MG";"Crescente";"Atropelamento de animal";0;0;0;0;0;0;0;0;0;1;1;0;0;0;0
"20/05/2025";"00:08:00";"4";"Sem vítima";"40,500";"BR-364/GO";"Decrescente";"Atropelamento de animal";1;0;0;0;0;0;0;0;0;0;1;0;0;0;0
"20/05/2025";"16:34:00";"270";"Com vítima";"751,470";"BR-365/MG";"Decrescente";"Tombamento";0;0;1;0;0;0;0;0;0;0;0;1;0;0;0
"21/05/2025";"13:59:00";"261";"Sem vítima";"677,000";"BR-365/MG";"Crescente";"Choque";1;0;0;0;0;0;0;0;0;0;2;0;0;0;0
"21/05/2025";"20:36:00";"381";"Sem vítima";"760,230";"BR-365/MG";"Crescente";"Queda de moto";0;0;0;1;0;0;0;0;0;0;2;0;0;0;0
"24/05/2025";"02:23:00";"10";"Sem vítima";"636,500";"BR-365/MG";"Decrescente";"Choque";1;0;0;0;0;0;0;0;0;0;2;0;0;0;0
"25/05/2025";"09:28:00";"125";"Sem vítima";"147,130";"BR-364/GO";"Crescente";"Choque";0;0;0;0;0;1;0;0;0;0;1;0;0;0;0
"25/05/2025";"20:49:00";"313";"Sem vítima";"113,870";"BR-364/GO";"Crescente";"Choque";1;0;0;0;0;0;0;0;0;0;1;0;0;0;0
"27/05/2025";"11:08:00";"171";"Com vítima";"755,250";"BR-365/MG";"Crescente";"Queda de moto";0;0;0;1;0;0;0;0;0;0;0;1;0;0;0
"27/05/2025";"14:16:00";"218";"Com vítima";"89,850";"BR-364/GO";"Decrescente";"Tombamento";0;0;0;0;0;1;0;0;0;0;0;0;0;0;1
"27/05/2025";"18:49:00";"289";"Com vítima";"643,100";"BR-365/MG";"Crescente";"Colisão lateral no mesmo sentido";0;0;0;1;0;0;0;0;0;0;0;1;0;0;0
"28/05/2025";"15:41:00";"234";"Sem vítima";"126,360";"BR-364/GO";"Decrescente";"Tombamento";0;0;0;0;0;1;0;0;0;0;1;0;0;0;0
"30/05/2025";"05:57:00";"51";"Sem vítima";"662,800";"BR-365/MG";"Crescente";"Choque";1;0;0;0;0;0;0;0;0;0;1;0;0;0;0
"31/05/2025";"05:28:00";"37";"Sem vítima";"784,630";"BR-365/MG";"Decrescente";"Choque";1;0;0;0;0;0;0;0;0;0;1;0;0;0;0
"04/06/2025";"12:13:00";"222";"Sem vítima";"781,180";"BR-365/MG";"Decrescente";"Choque";0;0;0;0;0;0;0;0;0;1;2;0;0;0;0
"04/06/2025";"14:32:00";"259";"Sem vítima";"644,400";"BR-365/MG";"Crescente";"Colisão traseira";1;0;0;0;0;1;0;0;0;0;2;0;0;0;0
"05/06/2025";"23:58:00";"342";"Sem vítima";"783,110";"BR-365/MG";"Decrescente";"Atropelamento de animal";0;0;0;0;0;0;0;0;0;1;1;0;0;0;0
"06/06/2025";"03:35:00";"18";"Sem vítima";"756,360";"BR-365/MG";"Crescente";"Choque";1;0;0;0;0;0;0;0;0;0;1;0;0;0;0
"06/06/2025";"06:14:00";"50";"Sem vítima";"32,000";"BR-364/GO";"Crescente";"Atropelamento de animal";1;0;0;0;0;0;0;0;0;0;4;0;0;0;0
"07/06/2025";"03:22:00";"36";"Sem vítima";"756,000";"BR-365/MG";"Crescente";"Choque";1;0;0;0;0;0;0;0;0;0;2;0;0;0;0
"07/06/2025";"06:50:00";"60";"Com vítima";"663,000";"BR-365/MG";"Crescente";"Queda de moto";0;0;0;1;0;0;0;0;0;0;0;0;1;0;0
"07/06/2025";"19:26:00";"310";"Sem vítima";"755,270";"BR-365/MG";"Crescente";"Choque";0;0;0;0;0;2;0;0;0;0;1;0;0;0;0
"08/06/2025";"10:21:00";"73";"Com vítima";"749,840";"BR-365/MG";"Decrescente";"Colisão transversal";1;0;0;0;0;1;0;0;0;0;3;1;0;0;0
"09/06/2025";"04:42:00";"14";"Sem vítima";"648,900";"BR-365/MG";"Decrescente";"Choque";1;0;0;0;0;0;0;0;0;0;1;0;0;0;0
"09/06/2025";"20:51:00";"327";"Sem vítima";"640,500";"BR-365/MG";"Decrescente";"Atropelamento de animal";1;0;0;0;0;0;0;0;0;0;5;0;0;0;0
"10/06/2025";"04:31:00";"19";"Sem vítima";"835,580";"BR-365/MG";"Decrescente";"Choque";0;0;0;0;0;0;0;0;0;1;2;0;0;0;0
"12/06/2025";"00:17:00";"3";"Com vítima";"637,050";"BR-365/MG";"Decrescente";"Colisão traseira";0;0;0;0;0;2;0;0;0;0;1;1;0;0;0
"12/06/2025";"18:33:00";"321";"Sem vítima";"640,650";"BR-365/MG";"Decrescente";"Colisão traseira";0;0;0;0;0;0;0;0;0;2;4;0;0;0;0
"13/06/2025";"01:28:00";"5";"Com vítima";"756,480";"BR-365/MG";"Crescente";"Choque";1;0;0;0;0;0;0;0;0;0;0;1;0;0;0
"13/06/2025";"03:04:00";"11";"Sem vítima";"12,280";"BR-364/GO";"Decrescente";"Tombamento";0;0;0;0;0;1;0;0;0;0;1;0;0;0;0
"13/06/2025";"18:31:00";"294";"Sem vítima";"828,000";"BR-365/MG";"Decrescente";"Atropelamento de animal";0;0;0;0;0;0;0;0;0;1;2;0;0;0;0
"14/06/2025";"19:28:00";"266";"Com vítima";"3,000";"BR-364/GO";"Decrescente";"Colisão lateral no mesmo sentido";0;0;0;1;0;1;0;0;0;0;2;1;0;0;0
"17/06/2025";"17:35:00";"260";"Com vítima";"739,500";"BR-365/MG";"Crescente";"Colisão lateral no mesmo sentido";0;0;1;1;0;1;0;0;0;0;2;0;0;0;1
"17/06/2025";"19:00:00";"277";"Com vítima";"634,420";"BR-365/MG";"Decrescente";"Acidentes de outra natureza";0;0;0;0;0;0;0;0;0;1;0;1;0;0;0
"17/06/2025";"20:16:00";"295";"Sem vítima";"12,490";"BR-364/GO";"Decrescente";"Tombamento";0;0;0;0;0;1;0;0;0;0;1;0;0;0;0
"17/06/2025";"21:56:00";"314";"Com vítima";"711,000";"BR-365/MG";"Decrescente";"Colisão traseira";1;0;0;0;0;1;0;0;0;0;1;0;0;0;1
"17/06/2025";"23:26:00";"328";"Sem vítima";"27,000";"BR-364/GO";"Decrescente";"Tombamento";0;0;0;0;0;1;0;0;0;0;1;0;0;0;0
"18/06/2025";"21:53:00";"347";"Sem vítima";"843,550";"BR-365/MG";"Crescente";"Atropelamento de animal";0;0;0;0;0;0;0;0;0;1;1;0;0;0;0
"19/06/2025";"11:08:00";"133";"Com vítima";"655,300";"BR-365/MG";"Crescente";"Capotamento";1;0;0;0;0;0;0;0;0;0;0;2;0;1;1
"19/06/2025";"11:33:00";"141";"Sem vítima";"21,000";"BR-364/GO";"Crescente";"Choque";1;0;0;0;0;0;0;0;0;0;1;0;0;0;0
"19/06/2025";"14:35:00";"217";"Com vítima";"822,740";"BR-365/MG";"Decrescente";"Colisão lateral no mesmo sentido";0;0;0;0;0;0;0;0;0;1;2;1;0;0;0
"22/06/2025";"21:15:00";"292";"Sem vítima";"852,050";"BR-365/MG";"Crescente";"Atropelamento de animal";0;0;0;0;0;0;0;0;0;1;1;0;0;0;0
"23/06/2025";"11:18:00";"183";"Com vítima";"693,250";"BR-365/MG";"Decrescente";"Capotamento";1;0;0;0;0;0;0;0;0;0;2;1;1;0;0
"23/06/2025";"20:28:00";"361";"Sem vítima";"806,200";"BR-365/MG";"Crescente";"Atropelamento de animal";1;0;0;0;0;0;0;0;0;0;5;0;0;0;0
"24/06/2025";"05:42:00";"44";"Sem vítima";"790,850";"BR-365/MG";"Decrescente";"Choque";1;0;0;0;0;0;0;0;0;0;3;0;0;0;0
"24/06/2025";"19:15:00";"271";"Sem vítima";"673,000";"BR-365/MG";"Decrescente";"Colisão traseira";0;0;0;0;0;0;0;0;0;2;2;0;0;0;0
"26/06/2025";"06:07:00";"35";"Sem vítima";"794,000";"BR-365/MG";"Decrescente";"Atropelamento de animal";1;0;0;0;0;0;0;0;0;0;1;0;0;0;0
"26/06/2025";"09:35:00";"147";"Sem vítima";"706,000";"BR-365/MG";"Decrescente";"Choque";0;0;0;0;0;1;0;0;0;0;1;0;0;0;0
"27/06/2025";"13:47:00";"245";"Sem vítima";"677,000";"BR-365/MG";"Decrescente";"Choque";0;0;1;0;0;0;0;0;0;0;1;0;0;0;0
"28/06/2025";"04:40:00";"26";"Sem vítima";"822,000";"BR-365/MG";"Decrescente";"Choque";0;0;0;0;0;0;0;0;0;1;1;0;0;0;0
"29/06/2025";"01:23:00";"8";"Sem vítima";"59,000";"BR-364/GO";"Decrescente";"Choque";0;0;0;0;0;0;0;0;0;1;1;0;0;0;0
"29/06/2025";"04:06:00";"17";"Sem vítima";"664,400";"BR-365/MG";"Decrescente";"Choque";0;0;0;0;1;0;0;0;0;0;1;0;0;0;0
"29/06/2025";"14:43:00";"142";"Sem vítima";"852,260";"BR-365/MG";"Decrescente";"Tombamento";0;0;0;0;0;1;0;0;0;0;1;0;0;0;0
"30/06/2025";"06:57:00";"49";"Com vítima";"6,000";"BR-364/GO";"Decrescente";"Atropelamento de pedestre";1;0;0;2;0;0;0;0;0;0;1;2;0;0;0
"01/07/2025";"04:29:00";"20";"Com vítima";"633,120";"BR-365/MG";"Decrescente";"Colisão traseira";1;0;0;0;0;1;0;0;0;0;2;1;0;0;0
"01/07/2025";"22:15:00";"312";"Com vítima";"666,320";"BR-365/MG";"Decrescente";"Tombamento";0;0;0;0;0;1;0;0;0;0;0;0;1;0;0
"02/07/2025";"19:59:00";"313";"Sem vítima";"750,000";"BR-365/MG";"Decrescente";"Choque";1;0;0;0;0;0;0;0;0;0;1;0;0;0;0
"03/07/2025";"00:33:00";"3";"Com vítima";"674,110";"BR-365/MG";"Decrescente";"Choque";1;0;0;0;0;0;0;0;0;0;0;1;0;0;0
"04/07/2025";"22:12:00";"358";"Sem vítima";"653,300";"BR-365/MG";"Decrescente";"Capotamento";2;0;0;0;0;0;0;0;0;0;6;0;0;0;0
"05/07/2025";"04:37:00";"26";"Sem vítima";"750,000";"BR-365/MG";"Crescente";"Choque";1;0;0;0;0;0;0;0;0;0;1;0;0;0;0
"05/07/2025";"14:30:00";"215";"Com vítima";"779,600";"BR-365/MG";"Crescente";"Capotamento";0;0;0;0;0;0;0;0;0;1;1;1;0;0;0
"05/07/2025";"17:13:00";"266";"Sem vítima";"757,000";"BR-365/MG";"Decrescente";"Choque";0;0;0;0;0;1;0;0;0;0;1;0;0;0;0
"05/07/2025";"20:52:00";"316";"Sem vítima";"74,870";"BR-364/GO";"Decrescente";"Atropelamento de animal";0;0;0;0;0;0;0;0;0;1;3;0;0;0;0
"05/07/2025";"22:32:00";"331";"Sem vítima";"751,000";"BR-365/MG";"Crescente";"Choque";1;0;0;0;0;0;0;0;0;0;3;0;0;0;0
"06/07/2025";"00:08:00";"1";"Sem vítima";"682,900";"BR-365/MG";"Decrescente";"Choque";1;0;0;0;0;0;0;0;0;0;1;0;0;0;0
"06/07/2025";"19:34:00";"230";"Sem vítima";"655,000";"BR-365/MG";"Decrescente";"Atropelamento de animal";1;0;0;0;0;0;0;0;0;0;3;0;0;0;0
"07/07/2025";"06:09:00";"43";"Sem vítima";"838,200";"BR-365/MG";"Decrescente";"Atropelamento de animal";1;0;0;0;0;0;0;0;0;0;1;0;0;0;0
"07/07/2025";"11:33:00";"190";"Sem vítima";"672,600";"BR-365/MG";"Crescente";"Choque";0;0;0;0;0;0;0;0;0;1;2;0;0;0;0
"08/07/2025";"04:39:00";"10";"Sem vítima";"706,210";"BR-365/MG";"Decrescente";"Choque";0;0;0;0;0;1;0;0;0;0;1;0;0;0;0
"08/07/2025";"11:17:00";"194";"Sem vítima";"104,000";"BR-364/GO";"Decrescente";"Colisão lateral em sentido contrário";0;0;0;0;0;1;0;0;0;1;3;0;0;0;0
"08/07/2025";"12:08:00";"210";"Com vítima";"709,300";"BR-365/MG";"Crescente";"Choque";1;0;0;0;0;0;0;0;0;0;0;0;1;0;0
"08/07/2025";"19:00:00";"342";"Sem vítima";"800,000";"BR-365/MG";"Decrescente";"Atropelamento de animal";1;0;0;0;0;0;0;0;0;0;4;0;0;0;0
"08/07/2025";"19:07:00";"345";"Sem vítima";"123,800";"BR-364/GO";"Decrescente";"Atropelamento de animal";1;0;0;0;0;0;0;0;0;0;2;0;0;0;0
"10/07/2025";"15:01:00";"241";"Com vítima";"730,130";"BR-365/MG";"Crescente";"Colisão traseira";2;0;0;0;0;0;0;0;0;0;2;1;0;0;0
"10/07/2025";"20:33:00";"312";"Sem vítima";"754,018";"BR-365/MG";"Crescente";"Colisão frontal";1;1;0;0;0;0;0;0;0;0;1;0;0;0;0
"11/07/2025";"00:37:00";"8";"Sem vítima";"704,350";"BR-365/MG";"Decrescente";"Colisão traseira";1;0;1;0;0;0;0;0;0;0;2;0;0;0;0
"12/07/2025";"00:02:00";"1";"Com vítima";"647,900";"BR-365/MG";"Crescente";"Colisão transversal";1;0;0;0;0;1;0;0;0;0;1;0;1;1;0
"12/07/2025";"14:51:00";"207";"Sem vítima";"92,000";"BR-364/GO";"Crescente";"Colisão traseira";1;0;0;0;0;0;0;0;0;1;6;0;0;0;0
"13/07/2025";"18:33:00";"220";"Com vítima";"850,000";"BR-365/MG";"Decrescente";"Colisão transversal";1;0;0;0;0;0;0;0;0;1;0;0;2;1;0
"13/07/2025";"18:36:00";"222";"Com vítima";"850,000";"BR-365/MG";"Decrescente";"Colisão frontal";2;0;0;0;0;0;0;0;0;0;1;0;0;0;1
"14/07/2025";"05:27:00";"36";"Com vítima";"167,019";"BR-364/GO";"Crescente";"Colisão transversal";1;0;0;0;0;1;0;0;0;0;1;0;0;0;1
"14/07/2025";"06:28:00";"41";"Com vítima";"860,540";"BR-365/MG";"Decrescente";"Choque";0;0;0;0;0;0;0;0;0;1;1;2;0;0;0
"14/07/2025";"14:52:00";"212";"Sem vítima";"36,700";"BR-364/GO";"Decrescente";"Choque";0;0;0;0;0;2;0;0;0;0;2;0;0;0;0
"14/07/2025";"15:07:00";"214";"Com vítima";"91,300";"BR-364/GO";"Decrescente";"Capotamento";1;0;0;0;0;0;0;0;0;0;0;3;0;0;0
"14/07/2025";"18:45:00";"273";"Sem vítima";"654,200";"BR-365/MG";"Crescente";"Queda de moto";0;0;0;1;0;0;0;0;0;0;2;0;0;0;0
"14/07/2025";"21:03:00";"298";"Sem vítima";"826,350";"BR-365/MG";"Decrescente";"Atropelamento de animal";1;0;0;0;0;0;0;0;0;0;3;0;0;0;0
"15/07/2025";"02:42:00";"12";"Sem vítima";"787,900";"BR-365/MG";"Crescente";"Choque";1;0;0;0;0;0;0;0;0;0;1;0;0;0;0
"16/07/2025";"00:39:00";"8";"Sem vítima";"748,700";"BR-365/MG";"Crescente";"Atropelamento de animal";1;0;0;0;0;0;0;0;0;0;3;0;0;0;0
"16/07/2025";"00:43:00";"13";"Sem vítima";"748,830";"BR-365/MG";"Crescente";"Atropelamento de animal";0;0;0;0;1;0;0;0;0;0;1;0;0;0;0
"16/07/2025";"06:15:00";"51";"Sem vítima";"96,000";"BR-364/GO";"Crescente";"Colisão lateral em sentido contrário";0;0;0;0;0;0;0;0;0;2;2;0;0;0;0
"16/07/2025";"20:41:00";"396";"Com vítima";"22,400";"BR-364/GO";"Decrescente";"Choque";1;0;0;0;0;0;0;0;0;0;0;0;1;0;0
"17/07/2025";"04:57:00";"38";"Sem vítima";"21,000";"BR-364/GO";"Decrescente";"Choque";0;0;0;0;0;1;0;0;0;0;1;0;0;0;0
"17/07/2025";"11:58:00";"202";"Sem vítima";"715,000";"BR-365/MG";"Crescente";"Tombamento";0;0;1;0;0;0;0;0;0;0;1;0;0;0;0
"17/07/2025";"15:17:00";"251";"Sem vítima";"688,000";"BR-365/MG";"Crescente";"Choque";1;0;0;0;0;0;0;0;0;0;2;0;0;0;0
"17/07/2025";"17:42:00";"297";"Sem vítima";"688,400";"BR-365/MG";"Crescente";"Colisão lateral no mesmo sentido";1;0;0;0;0;1;0;0;0;0;5;0;0;0;0
"17/07/2025";"18:27:00";"311";"Sem vítima";"8,500";"BR-364/GO";"Decrescente";"Colisão lateral no mesmo sentido";0;0;0;0;1;2;0;0;0;0;26;0;0;0;0
"18/07/2025";"19:51:00";"317";"Sem vítima";"77,000";"BR-364/GO";"Crescente";"Atropelamento de animal";1;0;0;0;0;0;0;0;0;0;2;0;0;0;0
"19/07/2025";"05:45:00";"28";"Sem vítima";"80,100";"BR-364/GO";"Decrescente";"Choque";0;0;1;0;0;0;0;0;0;0;1;0;0;0;0
"19/07/2025";"10:14:00";"92";"Sem vítima";"111,420";"BR-364/GO";"Decrescente";"Choque";0;0;0;0;0;1;0;0;0;0;1;0;0;0;0
"19/07/2025";"20:36:00";"246";"Sem vítima";"640,000";"BR-365/MG";"Crescente";"Colisão lateral no mesmo sentido";2;0;0;0;0;0;0;0;0;0;4;0;0;0;0
"19/07/2025";"20:43:00";"249";"Sem vítima";"170,000";"BR-364/GO";"Decrescente";"Atropelamento de animal";1;0;0;0;0;0;0;0;0;0;3;0;0;0;0
"19/07/2025";"21:54:00";"262";"Sem vítima";"849,000";"BR-365/MG";"Decrescente";"Choque";1;0;0;0;0;0;0;0;0;0;3;0;0;0;0
"19/07/2025";"22:30:00";"266";"Sem vítima";"750,430";"BR-365/MG";"Decrescente";"Colisão frontal";1;0;0;0;0;0;0;0;0;1;3;0;0;0;0
"20/07/2025";"02:10:00";"13";"Sem vítima";"758,000";"BR-365/MG";"Decrescente";"Choque";1;0;0;0;0;0;0;0;0;0;2;0;0;0;0
"20/07/2025";"03:15:00";"19";"Sem vítima";"643,000";"BR-365/MG";"Decrescente";"Choque";0;0;0;0;0;0;0;0;0;1;1;0;0;0;0